datetime,title,duration,content_type
10/9/2025 2:39,Old Dominion - Coming Home,77,song
10/9/2025 2:40,Zach Bryan - I Remember Everything (feat. Kacey Musgraves),226,song
10/9/2025 2:44,Luke Combs - Forever After All,223,song
10/9/2025 2:48,Hudson Westbrook - House Again (feat. Miranda Lambert),208,song
10/9/2025 2:51,Megan Moroney - You Had To Be There (feat. Kenny Chesney),210,song
10/9/2025 2:55,Riley Green - Damn Good Day To Leave,211,song
10/9/2025 2:58,Dylan Scott - What He'll Never Have,150,song
10/9/2025 3:01,181.FM - THIS STATION WILL CONTINUE AFTER THIS BREAK,94,break
10/9/2025 3:02,Kickin' Kountry@Listen.FM - TOH 3,15,station_id
10/9/2025 3:02,Chase Matthew - Darlin',163,song
10/9/2025 3:05,Nate Smith - Whiskey On You,187,song
10/9/2025 3:09,Jackson Dean - Heavens To Betsy,122,song
10/9/2025 3:11,Jason Aldean - Girl Like You,194,song
10/9/2025 3:15,181.FM - THIS STATION WILL CONTINUE AFTER THIS BREAK,61,break
10/9/2025 3:16,Listen.FM - Listen.FM,9,station_id
10/9/2025 3:16,Meghan Patrick - Golden Child,211,song
10/9/2025 3:19,Chris Stapleton - Starting Over,243,song
10/9/2025 3:23,Post Malone - Pour Me A Drink (with Blake Shelton),190,song
10/9/2025 3:27,Max McNown - Better Me For You (Brown Eyes),195,song
10/9/2025 3:30,Thomas Rhett - Unforgettable,156,song
10/9/2025 3:32,181.FM - THIS STATION WILL CONTINUE AFTER THIS BREAK,95,break
10/9/2025 3:34,Listen.FM - Listen.FM,3,station_id
10/9/2025 3:52,Brooks & Dunn - Ain't Nothin 'Bout You,128,song
10/9/2025 3:54,George Birge - It Won't Be Long,184,song
10/9/2025 3:57,Scotty McCreery - Bottle Rockets (feat. Hootie & The Blowfish),228,song
10/9/2025 4:01,181.FM - THIS STATION WILL CONTINUE AFTER THIS BREAK,96,break
10/9/2025 4:03,Kickin' Kountry@Listen.FM - TOH 4,14,station_id
10/9/2025 4:03,Jason Aldean - Take A Little Ride,189,song
10/9/2025 4:06,Keith Urban - Straight Line,216,song
10/9/2025 4:10,Parker McCollum - Handle On You,211,song
10/9/2025 4:13,Carly Pearce - truck on fire,188,song
10/9/2025 4:16,181.FM - THIS STATION WILL CONTINUE AFTER THIS BREAK,59,break
10/9/2025 4:17,Listen.FM - Listen.FM,10,station_id
10/9/2025 4:18,Morgan Wallen - You Proof,156,song
10/9/2025 4:20,Riley Green - Don't Mind If I Do (feat. Ella Langley),225,song
10/9/2025 4:24,Zac Brown Band - Homegrown,199,song
10/9/2025 4:27,Russell Dickerson - God Gave Me a Girl,184,song
10/9/2025 4:30,Hardy - Give Heaven Some Hell,204,song
10/9/2025 4:34,181.FM - THIS STATION WILL CONTINUE AFTER THIS BREAK,94,break
10/9/2025 4:35,Listen.FM - Listen.FM,10,station_id
10/9/2025 4:35,Jelly Roll - Heart Of Stone,174,song
10/9/2025 4:38,Montgomery Gentry - Something To Be Proud Of (Album Version),260,song
10/9/2025 4:43,Matt Stell - Breakin' in Boots,151,song
10/9/2025 4:45,Old Dominion - One Man Band,184,song
10/9/2025 4:48,Zach Top - Good Times & Tan Lines,160,song
10/9/2025 4:51,Megan Moroney - 6 Months Later,184,song
10/9/2025 4:54,Jason Aldean - Whiskey Drink,179,song
10/9/2025 4:57,Rascal Flatts & Jonas Brothers - I Dare You,230,song
10/9/2025 5:01,181.FM - THIS STATION WILL CONTINUE AFTER THIS BREAK,89,break
10/9/2025 5:02,Listen.FM - Listen.FM,5,station_id
10/9/2025 5:02,Kickin' Kountry@Listen.FM - TOH 5,10,station_id
10/9/2025 5:03,Chris Stapleton - White Horse [Radio Edit],220,song
10/9/2025 5:06,Jordan Davis - Bar None,181,song
10/9/2025 5:09,Randy Houser - How Country Feels,172,song
10/9/2025 5:12,Lainey Wilson - Somewhere Over Laredo,224,song
10/9/2025 5:16,181.FM - THIS STATION WILL CONTINUE AFTER THIS BREAK,66,break
10/9/2025 5:17,Listen.FM - Listen.FM,9,station_id
10/9/2025 5:17,Tyler Hubbard - Dancin’ In The Country,176,song
10/9/2025 5:20,Blake Shelton - Stay Country or Die Tryin',208,song
10/9/2025 5:24,Chase Rice - Eyes On You,174,song
10/9/2025 5:27,Drew Baldridge - Tough People,215,song
10/9/2025 5:30,Morgan Wallen - I Ain't Comin' Back (feat. Post Malone),175,song
10/9/2025 5:33,181.FM - THIS STATION WILL CONTINUE AFTER THIS BREAK,90,break
10/9/2025 5:35,Listen.FM - Listen.FM,10,station_id
10/9/2025 5:35,Dierks Bentley - Drunk On A Plane (Yeah Version),248,song
10/9/2025 5:39,Luke Combs - Back in the Saddle,220,song
10/9/2025 5:43,Kane Brown - Bury Me in Georgia [Radio Edit],164,song
10/9/2025 5:45,Bailey Zimmerman - Rock and a Hard Place,205,song
10/9/2025 5:49,Corey Kent - This Heart,182,song
10/9/2025 5:54,Zac Brown Band - CHicken Fried (Radio Edit),209,song
10/9/2025 5:58,Tim McGraw - Paper Umbrellas (feat. Parker McCollum),205,song
10/9/2025 6:01,181.FM - THIS STATION WILL CONTINUE AFTER THIS BREAK,96,break
10/9/2025 6:03,Kickin' Kountry@Listen.FM - TOH 6,19,station_id
10/9/2025 6:03,Russell Dickerson - Happen To Me,175,song
10/9/2025 6:06,Rodney Atkins - Take A Back Road,211,song
10/9/2025 6:10,Jason Aldean - How Far Does A Goodbye Go,223,song
10/9/2025 6:13,Mitchell Tenpenny - Truth About You,196,song
10/9/2025 6:17,181.FM - THIS STATION WILL CONTINUE AFTER THIS BREAK,63,break
10/9/2025 6:18,Listen.FM - Listen.FM,11,station_id
10/9/2025 6:18,Morgan Wallen - I'm The Problem,167,song
10/9/2025 6:21,Blake Shelton - Boys 'Round Here,229,song
10/9/2025 6:25,Jon Pardi - Friday Night Heartbreaker,206,song
10/9/2025 6:28,Megan Moroney - Tennessee Orange,219,song
10/9/2025 6:32,Thomas Rhett - Beautiful As You,165,song
10/9/2025 6:34,181.FM - THIS STATION WILL CONTINUE AFTER THIS BREAK,90,break
10/9/2025 6:36,Listen.FM - Listen.FM,9,station_id
10/9/2025 6:36,Dierks Bentley - What Was I Thinkin',224,song
10/9/2025 6:40,Chase Matthew - Darlin',170,song
10/9/2025 6:43,Dylan Scott - This Town's Been Too Good To Us,179,song
10/9/2025 6:46,Tim McGraw - Standing Room Only,225,song
10/9/2025 6:49,Kane Brown f/Lauren Alaina - What Ifs,189,song
10/9/2025 6:53,Parker McCollum - What Kinda Man,229,song
10/9/2025 6:56,Parmalee - Cowgirl,181,song
10/9/2025 6:59,181.FM - THIS STATION WILL CONTINUE AFTER THIS BREAK,93,break
10/9/2025 7:01,Kickin' Kountry@Listen.FM - TOH 7,22,station_id
10/9/2025 7:01,HARDY - Favorite Country Song,183,song
10/9/2025 7:04,Jason Aldean - Try That In A Small Town [Radio Edit],180,song
10/9/2025 7:07,Hudson Westbrook - House Again (feat. Miranda Lambert),199,song
10/9/2025 7:11,Lainey Wilson - Hang Tight Honey,193,song
10/9/2025 7:14,181.FM - THIS STATION WILL CONTINUE AFTER THIS BREAK,63,break
10/9/2025 7:15,Listen.FM - Listen.FM,3,station_id
10/9/2025 7:15,Morgan Wallen - I Got Better,206,song
10/9/2025 7:18,Russell Dickerson - Love You Like I Used To,199,song
10/9/2025 7:22,Jackson Dean - Heavens To Betsy,193,song
10/9/2025 7:25,Maddie & Tae - Die From A Broken Heart,177,song
10/9/2025 7:28,Koe Wetzel - High Road (feat. Jessie Murph),171,song
10/9/2025 7:31,181.FM - THIS STATION WILL CONTINUE AFTER THIS BREAK,93,break
10/9/2025 7:33,Listen.FM - Listen.FM,11,station_id
10/9/2025 7:33,Justin Moore - Time’s Ticking,168,song
10/9/2025 7:36,Luke Combs - The Kind of Love We Make,225,song
10/9/2025 7:39,Scotty McCreery - Bottle Rockets (feat. Hootie & The Blowfish),230,song
10/9/2025 7:43,Parmalee - Girl In Mine,157,song
10/9/2025 7:46,Luke Bryan - One Margarita,185,song
10/9/2025 7:49,Ella Langley - weren't for the wind,195,song
10/9/2025 7:52,Miranda Lambert - A Song To Sing (feat. Chris Stapleton),169,song
10/9/2025 7:55,Tim McGraw - Live Like You Were Dying,290,song
10/9/2025 8:00,181.FM - THIS STATION WILL CONTINUE AFTER THIS BREAK,95,break
10/9/2025 8:01,Kickin' Kountry@Listen.FM - TOH 8,14,station_id
10/9/2025 8:02,Megan Moroney - You Had To Be There (feat. Kenny Chesney),213,song
10/9/2025 8:05,Jelly Roll - Heart Of Stone,185,song
10/9/2025 8:08,Thomas Rhett - Get Some Of That,185,song
10/9/2025 8:11,Dylan Scott - What He'll Never Have,145,song
10/9/2025 8:14,181.FM - THIS STATION WILL CONTINUE AFTER THIS BREAK,65,break
10/9/2025 8:15,Listen.FM - Listen.FM,9,station_id
10/9/2025 8:15,Luke Combs - Cold As You,179,song
10/9/2025 8:18,Tucker Wetmore - Wind Up Missin' You [Clean Edit],159,song
10/9/2025 8:21,Sam Hunt - Take Your Time (Radio Edit),215,song
10/9/2025 8:24,Eric Church - Hands Of Time,200,song
10/9/2025 8:28,Morgan Wallen - More Than My Hometown,204,song
10/9/2025 8:31,181.FM - THIS STATION WILL CONTINUE AFTER THIS BREAK,93,break
10/9/2025 8:33,Listen.FM - Listen.FM,10,station_id
10/9/2025 8:33,Chris Janson - All I Need Is You,154,song
10/9/2025 8:35,Sara Evans - Suds In The Bucket,231,song
10/9/2025 8:39,Jordan Davis - Bar None,174,song
10/9/2025 8:42,Dasha - Austin [Clean],172,song
10/9/2025 8:45,Kelsea Ballerini - Cowboys Cry Too (with Noah Kahan),217,song
10/9/2025 8:49,Zac Brown Band f/Jimmy Buffett - Knee Deep,210,song
10/9/2025 8:52,Riley Green - Don't Mind If I Do (feat. Ella Langley),210,song
10/9/2025 8:56,Meghan Patrick - Golden Child,215,song
10/9/2025 8:59,181.FM - THIS STATION WILL CONTINUE AFTER THIS BREAK,93,break
10/9/2025 9:01,Kickin' Kountry@Listen.FM - TOH 9,19,station_id
10/9/2025 9:01,Dylan Marlowe & Dylan Scott - Boys Back Home,160,song
10/9/2025 9:04,Max McNown - Better Me For You (Brown Eyes),200,song
10/9/2025 9:07,Scotty McCreery - Fall Of Summer,214,song
10/9/2025 9:11,Luke Combs - Back in the Saddle,214,song
10/9/2025 9:14,181.FM - THIS STATION WILL CONTINUE AFTER THIS BREAK,60,break
10/9/2025 9:15,Listen.FM - Listen.FM,7,station_id
10/9/2025 9:16,Dustin Lynch - Small Town Boy,205,song
10/9/2025 9:19,Zach Top - Good Times & Tan Lines,165,song
10/9/2025 9:22,Eli Young Band - Even If It Breaks Your Heart (Radio Edit),208,song
10/9/2025 9:25,George Birge - It Won't Be Long,195,song
10/9/2025 9:28,Morgan Wallen - Wasted On You,177,song
10/9/2025 9:31,181.FM - THIS STATION WILL CONTINUE AFTER THIS BREAK,87,break
10/9/2025 9:33,Listen.FM - Listen.FM,10,station_id
10/9/2025 9:33,Ella Langley - you look like you love me (feat. Riley Green),215,song
10/9/2025 9:37,Keith Urban - Straight Line,224,song
10/9/2025 9:40,Kenny Chesney - American Kids (Album Version),179,song
10/9/2025 9:43,Russell Dickerson - Happen To Me,184,song
10/9/2025 9:46,Dylan Scott - Can't Have Mine,179,song
10/9/2025 9:49,Cole Swindell - Single Saturday Night,190,song
10/9/2025 9:53,Jelly Roll - Need A Favor,189,song
10/9/2025 9:56,Lainey Wilson - Somewhere Over Laredo,219,song
10/9/2025 9:59,181.FM - THIS STATION WILL CONTINUE AFTER THIS BREAK,95,break
10/9/2025 10:01,Kickin' Kountry@Listen.FM - TOH 1,15,station_id
10/9/2025 10:01,Darius Rucker - Alright,225,song
10/9/2025 10:05,Megan Moroney - 6 Months Later,185,song
10/9/2025 10:08,Chase Matthew - Darlin',164,song
10/9/2025 10:11,Bailey Zimmerman - Religiously,174,song
10/9/2025 10:14,181.FM - THIS STATION WILL CONTINUE AFTER THIS BREAK,60,break
10/9/2025 10:15,Listen.FM - Listen.FM,10,station_id
10/9/2025 10:15,Rascal Flatts & Jonas Brothers - I Dare You,222,song
10/9/2025 10:19,Scotty McCreery - This Is It,236,song
10/9/2025 10:23,Post Malone - Guy For That (feat. Luke Combs),159,song
10/9/2025 10:25,Carrie Underwood - Blown Away (Album Version),234,song
10/9/2025 10:32,181.FM - THIS STATION WILL CONTINUE AFTER THIS BREAK,94,break
10/9/2025 10:33,Listen.FM - Listen.FM,5,station_id
10/9/2025 10:33,Sam Hunt - House Party,187,song
10/9/2025 10:37,Dustin Lynch - Stars Like Confetti,194,song
10/9/2025 10:40,Thomas Rhett - Sixteen,176,song
10/9/2025 10:43,Morgan Wallen - I Got Better,210,song
10/9/2025 10:46,Kenny Chesney - Beer In Mexico,220,song
10/9/2025 10:50,Cody Johnson - The Painter,209,song
10/9/2025 10:53,Dylan Scott - My Girl,191,song
10/9/2025 10:57,Jon Pardi - Friday Night Heartbreaker,204,song
10/9/2025 11:00,181.FM - THIS STATION WILL CONTINUE AFTER THIS BREAK,90,break
10/9/2025 11:01,Listen.FM - Listen.FM,5,station_id
10/9/2025 11:02,Kickin' Kountry@Listen.FM - TOH 2,14,station_id
10/9/2025 11:02,Blake Shelton - Stay Country or Die Tryin',205,song
10/9/2025 11:05,Jordan Davis - I Ain't Sayin',178,song
10/9/2025 11:08,Scotty McCreery - Bottle Rockets (feat. Hootie & The Blowfish),225,song
10/9/2025 11:12,Jackson Dean - Fearless [Live at the Ryman],195,song
10/9/2025 11:15,181.FM - THIS STATION WILL CONTINUE AFTER THIS BREAK,64,break
10/9/2025 11:16,Listen.FM - Listen.FM,10,station_id
10/9/2025 11:16,Jelly Roll - Heart Of Stone,173,song
10/9/2025 11:19,Walker Hayes - Fancy Like,171,song
10/9/2025 11:22,Parker McCollum - What Kinda Man,224,song
10/9/2025 11:26,Luke Bryan - Country Girl (Shake It For Me),229,song
10/9/2025 11:30,HARDY - Favorite Country Song,191,song
10/9/2025 11:33,181.FM - THIS STATION WILL CONTINUE AFTER THIS BREAK,88,break
10/9/2025 11:34,Listen.FM - Listen.FM,10,station_id
10/9/2025 11:35,Jon Pardi - Heartache On The Dance Floor,205,song
10/9/2025 11:38,Luke Combs - Fast Car,262,song
10/9/2025 11:42,Jason Aldean - How Far Does A Goodbye Go,225,song
10/9/2025 11:46,Blake Shelton - A Guy With A Girl,190,song
10/9/2025 11:49,Morgan Wallen - I Ain't Comin' Back (feat. Post Malone),169,song
10/9/2025 11:52,Ashley Cooke - your place,184,song
10/9/2025 11:55,Eric Church - Springsteen,220,song
10/9/2025 11:59,Shaboozey - A Bar Song (Tipsy) [Clean],174,song
10/9/2025 12:02,181.FM - THIS STATION WILL CONTINUE AFTER THIS BREAK,90,break
10/9/2025 12:03,Kickin' Kountry@Listen.FM - TOH 3,16,station_id
10/9/2025 12:04,Hudson Westbrook - House Again (feat. Miranda Lambert),196,song
10/9/2025 12:07,Rascal Flatts - Fast Cars And Freedom,264,song
10/9/2025 12:11,Parmalee - Cowgirl,182,song
10/9/2025 12:14,Jordan Davis - Bar None,168,song
10/9/2025 12:17,181.FM - THIS STATION WILL CONTINUE AFTER THIS BREAK,66,break
10/9/2025 12:18,Listen.FM - Listen.FM,8,station_id
10/9/2025 12:18,Luke Bryan - Most People Are Good,215,song
10/9/2025 12:22,Tim McGraw - Paper Umbrellas (feat. Parker McCollum),209,song
10/9/2025 12:26,Brett Young - In Case You Didn't Know,219,song
10/9/2025 12:29,Dan + Shay - Bigger Houses,200,song
10/9/2025 12:33,Jason Aldean & Carrie Underwood - If I Didn't Love You,210,song
10/9/2025 12:36,181.FM - THIS STATION WILL CONTINUE AFTER THIS BREAK,94,break
10/9/2025 12:38,Listen.FM - Listen.FM,4,station_id
10/9/2025 12:38,Jackson Dean - Heavens To Betsy,200,song
10/9/2025 12:41,Kenny Chesney - Save It For A Rainy Day,190,song
10/9/2025 12:44,Thomas Rhett - Mamaw's House (feat. Morgan Wallen),174,song
10/9/2025 12:47,Dustin Lynch - Where It's At,211,song
10/9/2025 12:51,Luke Combs - Back in the Saddle,210,song
10/9/2025 12:54,Jelly Roll - Liar,202,song
10/9/2025 12:58,Jordan Davis - Tucson Too Late,169,song
10/9/2025 13:00,181.FM - THIS STATION WILL CONTINUE AFTER THIS BREAK,91,break
10/9/2025 13:02,Kickin' Kountry@Listen.FM - TOH 4,20,station_id
10/9/2025 13:02,Eric Church - Hands Of Time,195,song
10/9/2025 13:05,Miranda Lambert - A Song To Sing (feat. Chris Stapleton),180,song
10/9/2025 13:08,Nate Smith - World On Fire,184,song
10/9/2025 13:12,Justin Moore - Time’s Ticking,175,song
10/9/2025 13:14,181.FM - THIS STATION WILL CONTINUE AFTER THIS BREAK,60,break
10/9/2025 13:15,Listen.FM - Listen.FM,10,station_id
10/9/2025 13:16,Kane Brown - I Can Feel It,163,song
10/9/2025 13:18,Russell Dickerson - Happen To Me,179,song
10/9/2025 13:21,Jason Aldean - Let Your Boys Be Country,186,song
10/9/2025 13:24,Riley Green - Don't Mind If I Do (feat. Ella Langley),224,song
10/9/2025 13:28,Florida-Georgia Line - This Is How We Roll,220,song
10/9/2025 13:32,181.FM - THIS STATION WILL CONTINUE AFTER THIS BREAK,94,break
10/9/2025 13:33,Listen.FM - Listen.FM,5,station_id
10/9/2025 13:34,Megan Moroney - You Had To Be There (feat. Kenny Chesney),214,song
10/9/2025 13:37,Chris Janson - Good Vibes,171,song
10/9/2025 13:40,Bailey Zimmerman - Backup Plan (feat. Luke Combs),171,song
10/9/2025 13:43,Dylan Scott - What He'll Never Have,154,song
10/9/2025 13:45,Jordan Davis - Next Thing You Know,180,song
10/9/2025 13:48,Chase Matthew - Darlin',166,song
10/9/2025 13:54,Jon Pardi - Last Night Lonely,180,song
10/9/2025 13:57,Zac Brown Band f/Alan Jackson - As She's Walking Away,219,song
10/9/2025 14:01,181.FM - THIS STATION WILL CONTINUE AFTER THIS BREAK,94,break
10/9/2025 14:02,Kickin' Kountry@Listen.FM - TOH 5,15,station_id
10/9/2025 14:03,Tyler Hubbard - Park,154,song
10/9/2025 14:05,Zach Top - Good Times & Tan Lines,164,song
10/9/2025 14:08,Jason Aldean w/Kelly Clarkson - Don't You Wanna Stay (Radio Edit),222,song
10/9/2025 14:12,Meghan Patrick - Golden Child,209,song
10/9/2025 14:15,181.FM - THIS STATION WILL CONTINUE AFTER THIS BREAK,63,break
10/9/2025 14:16,Listen.FM - Listen.FM,4,station_id
10/9/2025 14:16,Morgan Wallen - I Got Better,203,song
10/9/2025 14:20,Brett Eldredge - Don't Ya,192,song
10/9/2025 14:23,Max McNown - Better Me For You (Brown Eyes),188,song
10/9/2025 14:26,Bailey Zimmerman - Fall In Love,230,song
10/9/2025 14:30,Nate Smith - Fix What You Didn't Break,193,song
10/9/2025 14:33,181.FM - THIS STATION WILL CONTINUE AFTER THIS BREAK,97,break
10/9/2025 14:35,Listen.FM - Listen.FM,7,station_id
10/9/2025 14:35,Chris Young & Kane Brown - Famous Friends,161,song
10/9/2025 14:38,Lainey Wilson - Somewhere Over Laredo,232,song
10/9/2025 14:42,Justin Moore - Why We Drink,203,song
10/9/2025 14:45,Luke Combs - Where the Wild Things Are,239,song
10/9/2025 14:49,Josh Turner - Hometown Girl,209,song
10/9/2025 14:52,Scotty McCreery - Bottle Rockets (feat. Hootie & The Blowfish),229,song
10/9/2025 14:56,Toby Keith - I Love This Bar (Single Version),242,song
10/9/2025 15:00,181.FM - THIS STATION WILL CONTINUE AFTER THIS BREAK,90,break
10/9/2025 15:02,Listen.FM - Listen.FM,4,station_id
10/9/2025 15:02,Kickin' Kountry@Listen.FM - TOH 6,18,station_id
10/9/2025 15:02,Billy Currington - Do I Make You Wanna,231,song
10/9/2025 15:09,George Birge - It Won't Be Long,186,song
10/9/2025 15:12,Luke Bryan - Country Song Came On,230,song
10/9/2025 15:16,181.FM - THIS STATION WILL CONTINUE AFTER THIS BREAK,64,break
10/9/2025 15:17,Listen.FM - Listen.FM,10,station_id
10/9/2025 15:17,Keith Urban - Straight Line,202,song
10/9/2025 15:20,Kenny Chesney - Take Her Home,193,song
10/9/2025 15:23,Jelly Roll - Heart Of Stone,176,song
10/9/2025 15:26,Luke Combs - When It Rains It Pours (Rado Edit),247,song
10/9/2025 15:30,Jon Pardi - Friday Night Heartbreaker,204,song
10/9/2025 15:34,181.FM - THIS STATION WILL CONTINUE AFTER THIS BREAK,89,break
10/9/2025 15:35,Listen.FM - Listen.FM,10,station_id
10/9/2025 15:36,Jason Aldean - Trouble With A Heartbreak,189,song
10/9/2025 15:39,Megan Moroney - 6 Months Later,189,song
10/9/2025 15:42,Cole Swindell - Ain't Worth The Whiskey,186,song
10/9/2025 15:45,Dierks Bentley - She Hates Me,178,song
10/9/2025 15:48,Rascal Flatts & Jonas Brothers - I Dare You,224,song
10/9/2025 15:52,Luke Bryan - I Don't Want This Night To End,220,song
10/9/2025 15:55,Jordan Davis - Bar None,170,song
10/9/2025 15:58,Scotty McCreery - Cab In A Solo,227,song
10/9/2025 16:02,181.FM - THIS STATION WILL CONTINUE AFTER THIS BREAK,87,break
10/9/2025 16:03,Listen.FM - Listen.FM,5,station_id
10/9/2025 16:04,Kickin' Kountry@Listen.FM - TOH 7,15,station_id
10/9/2025 16:04,Parmalee - Take My Name,149,song
10/9/2025 16:06,Sam Hunt - Country House,215,song
10/9/2025 16:10,Parker McCollum - What Kinda Man,225,song
10/9/2025 16:14,Carrie Underwood - All-American Girl,213,song
10/9/2025 16:17,181.FM - THIS STATION WILL CONTINUE AFTER THIS BREAK,60,break
10/9/2025 16:18,Listen.FM - Listen.FM,9,station_id
10/9/2025 16:18,Blake Shelton - Stay Country or Die Tryin',206,song
10/9/2025 16:22,Luke Combs - Back in the Saddle,214,song
10/9/2025 16:41,Dustin Lynch - Ridin' Roads,75,song
10/9/2025 16:43,Hudson Westbrook - House Again (feat. Miranda Lambert),200,song
10/9/2025 16:46,Lady Antebellum - Downtown,202,song
10/9/2025 16:49,Thomas Rhett - Angels,202,song
10/9/2025 16:53,Luke Bryan - Rain Is A Good Thing (Album Version),180,song
10/9/2025 16:56,Russell Dickerson - Happen To Me,176,song
10/9/2025 16:59,Keith Urban - Somebody Like You (Single Version),225,song
10/9/2025 17:02,181.FM - THIS STATION WILL CONTINUE AFTER THIS BREAK,89,break
10/9/2025 17:04,Kickin' Kountry@Listen.FM - TOH 8,19,station_id
10/9/2025 17:04,Lainey Wilson - Watermelon Moonshine,200,song
10/9/2025 17:07,Luke Combs - One Number Away,223,song
10/9/2025 17:11,Jackson Dean - Heavens To Betsy,199,song
10/9/2025 17:15,Tim McGraw - Paper Umbrellas (feat. Parker McCollum),206,song
10/9/2025 17:18,181.FM - THIS STATION WILL CONTINUE AFTER THIS BREAK,58,break
10/9/2025 17:19,Listen.FM - Listen.FM,17,station_id
10/9/2025 17:19,Warren Zeiders - Pretty Little Poison,206,song
10/9/2025 17:23,Jason Aldean - How Far Does A Goodbye Go,236,song
10/9/2025 17:27,George Birge - Mind On You,170,song
10/9/2025 17:29,Chase Matthew - Darlin',169,song
10/9/2025 17:32,Blake Shelton - Nobody But You (feat. Gwen Stefani),193,song
10/9/2025 17:36,181.FM - THIS STATION WILL CONTINUE AFTER THIS BREAK,90,break
10/9/2025 17:37,Listen.FM - Listen.FM,9,station_id
10/9/2025 17:37,Eric Church - Hands Of Time,194,song
10/9/2025 17:40,Thomas Rhett - What's Your Country Song,177,song
10/9/2025 17:43,Parmalee - Cowgirl,173,song
10/9/2025 17:46,Luke Combs - Even Though I'm Leaving,231,song
10/9/2025 17:50,Tyler Hubbard - Back Then Right Now,197,song
10/9/2025 17:53,HARDY - Favorite Country Song,196,song
10/9/2025 17:57,Sam Hunt - Body Like A Back Road,158,song
10/9/2025 17:59,181.FM - THIS STATION WILL CONTINUE AFTER THIS BREAK,95,break
10/9/2025 18:01,Kickin' Kountry@Listen.FM - TOH 9,20,station_id
10/9/2025 18:01,Chayce Beckham - 23,224,song
10/9/2025 18:05,Old Dominion - Memory Lane,175,song
10/9/2025 18:08,Bailey Zimmerman - Where It Ends,174,song
10/9/2025 18:11,Riley Green - Don't Mind If I Do (feat. Ella Langley),214,song
10/9/2025 18:14,181.FM - THIS STATION WILL CONTINUE AFTER THIS BREAK,65,break
10/9/2025 18:16,Listen.FM - Listen.FM,4,station_id
10/9/2025 18:16,Rodney Atkins - Watching You,232,song
10/9/2025 18:20,Miranda Lambert - A Song To Sing (feat. Chris Stapleton),184,song
10/9/2025 18:23,Scotty McCreery - Bottle Rockets (feat. Hootie & The Blowfish),229,song
10/9/2025 18:26,Jason Aldean - Lights Come On,195,song
10/9/2025 18:30,Justin Moore - Time’s Ticking,173,song
10/9/2025 18:33,181.FM - THIS STATION WILL CONTINUE AFTER THIS BREAK,95,break
10/9/2025 18:34,Listen.FM - Listen.FM,12,station_id
10/9/2025 18:34,Morgan Wallen - Chasin' You,197,song
10/9/2025 18:38,Sam Hunt - Outskirts,185,song
10/9/2025 18:41,Tyler Hubbard - 5 Foot 9,178,song
10/9/2025 18:44,Zach Top - Good Times & Tan Lines,165,song
10/9/2025 18:46,Chris Stapleton - Broken Halos,173,song
10/9/2025 18:49,Tim McGraw - One Bad Habit,189,song
10/9/2025 18:53,Alan Jackson & Jimmy Buffett - It's Five O'Clock Somewhere,224,song
10/9/2025 18:56,Jelly Roll - Heart Of Stone,181,song
10/9/2025 18:59,181.FM - THIS STATION WILL CONTINUE AFTER THIS BREAK,95,break
10/9/2025 19:01,Kickin' Kountry@Listen.FM - TOH 1,13,station_id
10/9/2025 19:01,Chris Young - Gettin' You Home (The Black Dress Song),205,song
10/9/2025 19:05,Chase Matthew - Love You Again,180,song
10/9/2025 19:08,Dan + Shay - Tequila,189,song
10/9/2025 19:11,Lainey Wilson - Somewhere Over Laredo,225,song
10/9/2025 19:14,181.FM - THIS STATION WILL CONTINUE AFTER THIS BREAK,61,break
10/9/2025 19:15,Listen.FM - Listen.FM,8,station_id
10/9/2025 19:16,Megan Moroney - You Had To Be There (feat. Kenny Chesney),212,song
10/9/2025 19:19,Chris Stapleton - Think I'm In Love With You,224,song
10/9/2025 19:23,Dylan Scott - What He'll Never Have,144,song
10/9/2025 19:25,Cody Johnson - Dirt Cheap,234,song
10/9/2025 19:29,Jordan Davis - Bar None,176,song
10/9/2025 19:32,181.FM - THIS STATION WILL CONTINUE AFTER THIS BREAK,95,break
10/9/2025 19:34,Listen.FM - Listen.FM,3,station_id
10/9/2025 19:34,Zach Top - Sounds Like The Radio,213,song
10/9/2025 19:40,Miranda Lambert - Mama's Broken Heart,170,song
10/9/2025 19:43,Meghan Patrick - Golden Child,221,song
10/9/2025 19:47,Florida-Georgia Line - Stay,194,song
10/9/2025 19:50,Parmalee - Gonna Love You,177,song
10/9/2025 19:53,Max McNown - Better Me For You (Brown Eyes),193,song
10/9/2025 19:56,Jason Aldean - Burnin' It Down,218,song
10/9/2025 20:00,181.FM - THIS STATION WILL CONTINUE AFTER THIS BREAK,89,break
10/9/2025 20:01,Kickin' Kountry@Listen.FM - TOH 2,20,station_id
10/9/2025 20:02,Luke Combs - Back in the Saddle,208,song
10/9/2025 20:05,Morgan Wallen - Everything I Love,190,song
10/9/2025 20:08,Jordan Davis - Singles You Up,181,song
10/9/2025 20:11,Nate Smith - Bulletproof,178,song
10/9/2025 20:14,181.FM - THIS STATION WILL CONTINUE AFTER THIS BREAK,59,break
10/9/2025 20:15,Listen.FM - Listen.FM,11,station_id
10/9/2025 20:15,Jon Pardi - Friday Night Heartbreaker,198,song
10/9/2025 20:19,Kenny Chesney - When The Sun Goes Down (Single Edit),225,song
10/9/2025 20:22,George Birge - It Won't Be Long,183,song
10/9/2025 20:26,Russell Dickerson - Happen To Me,176,song
10/9/2025 20:28,Blake Shelton - God Gave Me You (Album Version),229,song
10/10/2025 9:08,Luke Combs - Forever After All,234,song
10/10/2025 9:12,Lainey Wilson - Somewhere Over Laredo,222,song
10/10/2025 9:16,Sam Hunt - Leave The Night On,188,song
10/10/2025 9:19,181.FM - THIS STATION WILL CONTINUE AFTER THIS BREAK,59,break
10/10/2025 9:20,Listen.FM - Listen.FM,10,station_id
10/10/2025 13:36,Trace Adkins - You're Gonna Miss This,134,song
10/10/2025 13:38,Jelly Roll - Halfway To Hell,165,song
10/10/2025 13:41,Bailey Zimmerman - Rock and a Hard Place,199,song
10/10/2025 13:44,Lainey Wilson - Somewhere Over Laredo,231,song
10/10/2025 13:48,Megan Moroney - 6 Months Later,176,song
10/10/2025 13:51,Dylan Scott - This Town's Been Too Good To Us,190,song
10/10/2025 13:54,Rascal Flatts & Jonas Brothers - I Dare You,229,song
10/10/2025 13:58,George Birge - Mind On You,175,song
10/10/2025 14:01,181.FM - THIS STATION WILL CONTINUE AFTER THIS BREAK,94,break
10/10/2025 14:03,Kickin' Kountry@Listen.FM - TOH 2,12,station_id
10/10/2025 14:03,Luke Combs - Back in the Saddle,209,song
10/10/2025 14:06,Cody Johnson - Dirt Cheap,241,song
10/10/2025 14:13,Luke Bryan - One Margarita,189,song
10/10/2025 14:16,181.FM - THIS STATION WILL CONTINUE AFTER THIS BREAK,66,break
10/10/2025 14:17,Listen.FM - Listen.FM,8,station_id
10/10/2025 14:17,Blake Shelton - Stay Country or Die Tryin',206,song
10/10/2025 14:21,Justin Moore - With A Woman You Love,165,song
10/10/2025 14:23,Josh Ross - Single Again,169,song
10/10/2025 14:26,Morgan Wallen - I Ain't Comin' Back (feat. Post Malone),179,song
10/10/2025 14:29,Dustin Lynch - Small Town Boy,205,song
10/10/2025 14:33,181.FM - THIS STATION WILL CONTINUE AFTER THIS BREAK,91,break
10/10/2025 14:34,Listen.FM - Listen.FM,8,station_id
10/10/2025 14:34,Tim McGraw - Paper Umbrellas (feat. Parker McCollum),205,song
10/10/2025 14:38,Ashley Cooke - your place,183,song
10/10/2025 14:41,Sam Hunt - Take Your Time (Radio Edit),212,song
10/10/2025 14:44,Koe Wetzel - High Road (feat. Jessie Murph),172,song
10/10/2025 14:47,Jon Pardi - Friday Night Heartbreaker,201,song
10/10/2025 14:50,Keith Urban - Better Life (Edit),236,song
10/10/2025 14:54,Russell Dickerson - Happen To Me,174,song
10/10/2025 14:57,Chase Matthew - Darlin',166,song
10/10/2025 15:00,181.FM - THIS STATION WILL CONTINUE AFTER THIS BREAK,92,break
10/10/2025 15:02,Kickin' Kountry@Listen.FM - TOH 3,15,station_id
10/10/2025 15:02,Chris Janson - Fix A Drink,184,song
10/10/2025 15:05,Jason Aldean - How Far Does A Goodbye Go,233,song
10/10/2025 15:09,Bebe Rexha f/Florida-Georgia Line - Meant To Be,157,song
10/10/2025 15:11,Tucker Wetmore - Wind Up Missin' You [Clean Edit],158,song
10/10/2025 15:14,181.FM - THIS STATION WILL CONTINUE AFTER THIS BREAK,61,break
10/10/2025 15:15,Listen.FM - Listen.FM,8,station_id
10/10/2025 15:15,Kenny Chesney - American Kids (Album Version),181,song
10/10/2025 15:18,Parker McCollum - What Kinda Man,238,song
10/10/2025 15:22,Luke Combs - Cold As You,186,song
10/10/2025 15:25,Jordan Davis - Tucson Too Late,166,song
10/10/2025 15:28,Billy Currington - People Are Crazy,222,song
10/10/2025 15:32,181.FM - THIS STATION WILL CONTINUE AFTER THIS BREAK,95,break
10/10/2025 15:33,Listen.FM - Listen.FM,9,station_id
10/10/2025 15:34,Morgan Wallen - I Got Better,204,song
10/10/2025 15:37,Dierks Bentley - Sideways,185,song
10/10/2025 15:40,Chase Matthew - Love You Again,170,song
10/10/2025 15:43,Zac Brown Band f/Jimmy Buffett - Knee Deep,211,song
10/10/2025 15:46,Hudson Westbrook - House Again (feat. Miranda Lambert),193,song
10/10/2025 15:50,Parmalee - Cowgirl,184,song
10/10/2025 15:53,Ella Langley - you look like you love me (feat. Riley Green),220,song
10/10/2025 15:56,HARDY - Favorite Country Song,185,song
10/10/2025 16:00,181.FM - THIS STATION WILL CONTINUE AFTER THIS BREAK,94,break
10/10/2025 16:01,Kickin' Kountry@Listen.FM - TOH 4,21,station_id
10/10/2025 16:01,Jason Aldean - Let Your Boys Be Country,181,song
10/10/2025 16:05,Scotty McCreery - Bottle Rockets (feat. Hootie & The Blowfish),236,song
10/10/2025 16:08,Eli Young Band - Even If It Breaks Your Heart (Radio Edit),211,song
10/10/2025 16:12,Jackson Dean - Heavens To Betsy,198,song
10/10/2025 16:15,181.FM - THIS STATION WILL CONTINUE AFTER THIS BREAK,65,break
10/10/2025 16:16,Listen.FM - Listen.FM,4,station_id
10/10/2025 16:16,Carrie Underwood - Blown Away (Album Version),230,song
10/10/2025 16:20,Jelly Roll - Heart Of Stone,190,song
10/10/2025 16:23,Lee Brice - Rumor,194,song
10/10/2025 16:27,Morgan Wallen - I'm The Problem,174,song
10/10/2025 16:30,Justin Moore - Time’s Ticking,175,song
10/10/2025 16:33,181.FM - THIS STATION WILL CONTINUE AFTER THIS BREAK,93,break
10/10/2025 16:34,Listen.FM - Listen.FM,9,station_id
10/10/2025 16:34,Cole Swindell - Single Saturday Night,187,song
10/10/2025 16:37,Miranda Lambert - A Song To Sing (feat. Chris Stapleton),180,song
10/10/2025 16:40,Chris Young - Young Love & Saturday Nights,189,song
10/10/2025 16:44,Luke Bryan - Country Girl (Shake It For Me),229,song
10/10/2025 16:47,Post Malone - Guy For That (feat. Luke Combs),161,song
10/10/2025 16:50,Eric Church - Hands Of Time,204,song
10/10/2025 16:53,Jason Aldean - Crazy Town,175,song
10/10/2025 16:56,Megan Moroney - You Had To Be There (feat. Kenny Chesney),213,song
10/10/2025 17:00,181.FM - THIS STATION WILL CONTINUE AFTER THIS BREAK,96,break
10/10/2025 17:02,Kickin' Kountry@Listen.FM - TOH 5,14,station_id
10/10/2025 17:02,Jordan Davis - Bar None,169,song
10/10/2025 17:05,Russell Dickerson - Blue Tacoma,215,song
10/10/2025 17:08,Dylan Scott - What He'll Never Have,144,song
10/10/2025 17:11,Dierks Bentley - 5-1-5-0,179,song
10/10/2025 17:14,181.FM - THIS STATION WILL CONTINUE AFTER THIS BREAK,59,break
10/10/2025 17:15,Listen.FM - Listen.FM,14,station_id
10/10/2025 17:15,Morgan Wallen - Lies Lies Lies,186,song
10/10/2025 17:18,Walker Hayes - Fancy Like,165,song
10/10/2025 17:21,Riley Green - Don't Mind If I Do (feat. Ella Langley),216,song
10/10/2025 17:24,Blake Shelton - God's Country,203,song
10/10/2025 17:31,181.FM - THIS STATION WILL CONTINUE AFTER THIS BREAK,93,break
10/10/2025 17:32,Listen.FM - Listen.FM,11,station_id
10/10/2025 17:33,James Otto - Just Got Started Lovin' You,222,song
10/10/2025 17:36,Luke Combs - Back in the Saddle,227,song
10/10/2025 17:40,Dasha - Austin [Clean],164,song
10/10/2025 17:43,Kenny Chesney - Take Her Home,184,song
10/10/2025 17:46,Jason Aldean & Carrie Underwood - If I Didn't Love You,210,song
10/10/2025 17:49,Zach Top - Good Times & Tan Lines,159,song
10/10/2025 17:52,Meghan Patrick - Golden Child,213,song
10/10/2025 17:56,Dylan Marlowe & Dylan Scott - Boys Back Home,166,song
10/10/2025 17:58,Sugarland - Something More,215,song
10/10/2025 18:02,181.FM - THIS STATION WILL CONTINUE AFTER THIS BREAK,95,break
10/10/2025 18:04,Kickin' Kountry@Listen.FM - TOH 6,19,station_id
10/10/2025 18:04,Max McNown - Better Me For You (Brown Eyes),191,song
10/10/2025 18:07,Kane Brown - I Can Feel It,168,song
10/10/2025 18:10,Russell Dickerson - Happen To Me,170,song
10/10/2025 18:13,Blake Shelton - A Guy With A Girl,190,song
10/10/2025 18:16,181.FM - THIS STATION WILL CONTINUE AFTER THIS BREAK,59,break
10/10/2025 18:17,Listen.FM - Listen.FM,9,station_id
10/10/2025 18:17,Lainey Wilson - Somewhere Over Laredo,219,song
10/10/2025 18:21,Florida-Georgia Line - This Is How We Roll,226,song
10/10/2025 18:24,George Birge - It Won't Be Long,190,song
10/10/2025 18:28,Morgan Wallen - Thought You Should Know,217,song
10/10/2025 18:31,Jelly Roll - Need A Favor,193,song
10/10/2025 18:34,181.FM - THIS STATION WILL CONTINUE AFTER THIS BREAK,89,break
10/10/2025 18:36,Listen.FM - Listen.FM,9,station_id
10/10/2025 18:36,Keith Urban - Straight Line,210,song
10/10/2025 18:40,Dylan Scott - My Girl,204,song
10/10/2025 18:43,Chase Matthew - Darlin',159,song
10/10/2025 18:46,Justin Moore - This Is My Dirt,225,song
10/10/2025 18:49,Lee Brice - One Of Them Girls,177,song
10/10/2025 18:52,Jordan Davis - I Ain't Sayin',180,song
10/10/2025 19:01,181.FM - THIS STATION WILL CONTINUE AFTER THIS BREAK,89,break
10/10/2025 19:02,Listen.FM - Listen.FM,5,station_id
10/10/2025 19:02,Kickin' Kountry@Listen.FM - TOH 7,15,station_id
10/10/2025 19:03,Megan Moroney - 6 Months Later,180,song
10/10/2025 19:06,Morgan Wallen - I Got Better,214,song
10/10/2025 19:09,Thomas Rhett - T-Shirt,202,song
10/10/2025 19:13,Rascal Flatts & Jonas Brothers - I Dare You,228,song
10/10/2025 19:16,181.FM - THIS STATION WILL CONTINUE AFTER THIS BREAK,64,break
10/10/2025 19:18,Listen.FM - Listen.FM,5,station_id
10/10/2025 19:18,Luke Bryan - Drink A Beer,198,song
10/10/2025 19:21,Luke Combs - Fast Car,266,song
10/10/2025 19:25,Eric Church - Springsteen,221,song
10/10/2025 19:29,Jon Pardi - Friday Night Heartbreaker,208,song
10/10/2025 19:33,Elle King & Miranda Lambert - Drunk (And I Don't Wanna Go Home),240,song
10/10/2025 19:37,181.FM - THIS STATION WILL CONTINUE AFTER THIS BREAK,92,break
10/10/2025 19:38,Listen.FM - Listen.FM,10,station_id
10/10/2025 19:38,Lainey Wilson - Wildflowers and Wild Horses [Single Version],210,song
10/10/2025 19:42,Zac Brown Band - Toes (Single Edit),238,song
10/10/2025 19:46,Parker McCollum - What Kinda Man,226,song
10/10/2025 19:50,Rodney Atkins - If You're Going Through Hell (Before The Devil Even Knows),221,song
10/10/2025 19:53,Russell Dickerson - God Gave Me a Girl,173,song
10/10/2025 19:56,Jordan Davis - Next Thing You Know,176,song
10/10/2025 19:59,Scotty McCreery - Bottle Rockets (feat. Hootie & The Blowfish),230,song
10/10/2025 20:03,181.FM - THIS STATION WILL CONTINUE AFTER THIS BREAK,92,break
10/10/2025 20:04,Kickin' Kountry@Listen.FM - TOH 8,20,station_id
10/10/2025 20:05,Bailey Zimmerman - Backup Plan (feat. Luke Combs),164,song
10/10/2025 20:08,Morgan Wallen - I Ain't Comin' Back (feat. Post Malone),184,song
10/10/2025 20:11,Jon Pardi - Your Heart Or Mine,157,song
10/10/2025 20:13,Jelly Roll - Heart Of Stone,179,song
10/10/2025 20:16,181.FM - THIS STATION WILL CONTINUE AFTER THIS BREAK,58,break
10/10/2025 20:17,Listen.FM - Listen.FM,11,station_id
10/10/2025 20:17,Billy Currington - Do I Make You Wanna,228,song
10/10/2025 20:21,Hudson Westbrook - House Again (feat. Miranda Lambert),208,song
10/10/2025 20:25,Parmalee - Take My Name,149,song
10/10/2025 20:27,Tim McGraw - Paper Umbrellas (feat. Parker McCollum),206,song
10/10/2025 20:31,Dierks Bentley - Gone,199,song
10/10/2025 20:34,181.FM - THIS STATION WILL CONTINUE AFTER THIS BREAK,95,break
10/10/2025 20:36,Listen.FM - Listen.FM,9,station_id
10/10/2025 20:36,Dan + Shay - Bigger Houses,189,song
10/10/2025 20:39,Jason Aldean - How Far Does A Goodbye Go,236,song
10/10/2025 20:43,Luke Bryan - I Don't Want This Night To End,214,song
10/10/2025 20:46,Jordan Davis - Bar None,177,song
10/10/2025 20:49,Chris Stapleton - White Horse [Radio Edit],212,song
10/10/2025 20:53,Chris Young & Kane Brown - Famous Friends,173,song
10/10/2025 20:56,Jelly Roll - Liar,199,song
10/10/2025 20:59,Jackson Dean - Heavens To Betsy,196,song
10/10/2025 21:02,181.FM - THIS STATION WILL CONTINUE AFTER THIS BREAK,89,break
10/10/2025 21:04,Listen.FM - Listen.FM,5,station_id
10/10/2025 21:04,Kickin' Kountry@Listen.FM - TOH 9,21,station_id
10/10/2025 21:04,Travis Tritt - It's A Great Day To Be Alive,233,song
10/10/2025 21:08,Parmalee - Cowgirl,186,song
10/10/2025 21:11,Luke Combs - Back in the Saddle,209,song
10/10/2025 21:15,Chayce Beckham - 23,227,song
10/10/2025 21:19,181.FM - THIS STATION WILL CONTINUE AFTER THIS BREAK,61,break
10/10/2025 21:20,Listen.FM - Listen.FM,9,station_id
10/10/2025 21:20,HARDY - Favorite Country Song,186,song
10/10/2025 21:23,Old Dominion - Snapback,210,song
10/10/2025 21:26,Morgan Wallen - Thinkin’ Bout Me,169,song
10/10/2025 21:29,Jon Pardi - Last Night Lonely,174,song
10/10/2025 21:32,Eric Church - Hands Of Time,205,song
10/10/2025 21:36,181.FM - THIS STATION WILL CONTINUE AFTER THIS BREAK,92,break
10/10/2025 21:37,Listen.FM - Listen.FM,7,station_id
10/10/2025 21:37,Kane Brown - Lose It,174,song
10/10/2025 21:40,Dan + Shay - Save Me The Trouble,211,song
10/10/2025 21:44,Little Big Town - Boondocks,239,song
10/10/2025 21:48,Russell Dickerson - Happen To Me,179,song
10/10/2025 21:51,Thompson Square - Are You Gonna Kiss Me Or Not,179,song
10/10/2025 21:54,Luke Combs - Love You Anyway,235,song
10/10/2025 21:58,Sam Hunt - Body Like A Back Road,160,song
10/10/2025 22:00,181.FM - THIS STATION WILL CONTINUE AFTER THIS BREAK,96,break
10/10/2025 22:02,Kickin' Kountry@Listen.FM - TOH 1,13,station_id
10/10/2025 22:02,Miranda Lambert - A Song To Sing (feat. Chris Stapleton),171,song
10/10/2025 22:05,Nate Smith - World On Fire,192,song
10/10/2025 22:08,Justin Moore - Time’s Ticking,171,song
10/10/2025 22:11,Jelly Roll - Save Me (with Lainey Wilson),232,song
10/10/2025 22:15,181.FM - THIS STATION WILL CONTINUE AFTER THIS BREAK,61,break
10/10/2025 22:16,Listen.FM - Listen.FM,9,station_id
10/10/2025 22:16,Chase Matthew - Darlin',162,song
10/10/2025 22:19,Parker McCollum - Burn It Down [Radio Edit],223,song
10/11/2025 9:22,Jon Pardi - Friday Night Heartbreaker,204,song
10/11/2025 9:25,The Band Perry - If I Die Young,221,song
10/11/2025 9:29,Megan Moroney - You Had To Be There (feat. Kenny Chesney),219,song
10/11/2025 9:33,Morgan Wallen - I Got Better,204,song
10/11/2025 9:36,181.FM - THIS STATION WILL CONTINUE AFTER THIS BREAK,94,break
10/11/2025 9:38,Listen.FM - Listen.FM,6,station_id
10/11/2025 9:38,Parmalee - Girl In Mine,154,song
10/11/2025 9:40,Dylan Scott - What He'll Never Have,154,song
10/11/2025 9:43,Rodney Atkins - Take A Back Road,204,song
10/11/2025 9:46,Shaboozey - A Bar Song (Tipsy) [Clean],175,song
10/11/2025 9:49,Jason Aldean - Dirt Road Anthem,224,song
10/11/2025 9:53,Parker McCollum - What Kinda Man,233,song
10/11/2025 9:57,Mitchell Tenpenny - Truth About You,193,song
10/11/2025 10:00,181.FM - THIS STATION WILL CONTINUE AFTER THIS BREAK,93,break
10/11/2025 10:02,Kickin' Kountry@Listen.FM - TOH 4,19,station_id
10/11/2025 10:02,Billy Currington - Must Be Doin' Somethin' Right,236,song
10/11/2025 10:06,Scotty McCreery - Bottle Rockets (feat. Hootie & The Blowfish),236,song
10/11/2025 10:10,Morgan Wallen - Cowgirls (feat. ERNEST),178,song
10/11/2025 10:13,Kane Brown - I Can Feel It,166,song
10/11/2025 10:16,181.FM - THIS STATION WILL CONTINUE AFTER THIS BREAK,58,break
10/11/2025 10:17,Listen.FM - Listen.FM,9,station_id
10/11/2025 10:17,Chris Young - I'm Comin' Over,189,song
10/11/2025 10:20,Hudson Westbrook - House Again (feat. Miranda Lambert),210,song
10/11/2025 10:23,Meghan Patrick - Golden Child,216,song
10/11/2025 10:27,Shaboozey - Good News,197,song
10/11/2025 10:30,Max McNown - Better Me For You (Brown Eyes),195,song
10/11/2025 10:34,181.FM - THIS STATION WILL CONTINUE AFTER THIS BREAK,90,break
10/11/2025 10:35,Listen.FM - Listen.FM,9,station_id
10/11/2025 10:35,Cody Johnson - Dirt Cheap,229,song
10/11/2025 10:39,Jelly Roll - Heart Of Stone,186,song
10/11/2025 10:42,Darius Rucker - Wagon Wheel (Radio Edit),233,song
10/11/2025 10:46,Jackson Dean - Heavens To Betsy,201,song
10/11/2025 10:49,Gabby Barrett - I Hope,204,song
10/11/2025 10:53,George Birge - It Won't Be Long,195,song
10/11/2025 10:56,Maddie & Tae - Die From A Broken Heart,185,song
10/11/2025 10:59,Post Malone - I Had Some Help [Clean] (feat. Morgan Wallen),173,song
10/11/2025 11:02,181.FM - THIS STATION WILL CONTINUE AFTER THIS BREAK,95,break
10/11/2025 11:04,Kickin' Kountry@Listen.FM - TOH 5,14,station_id
10/11/2025 11:04,Keith Urban - Straight Line,211,song
10/11/2025 11:07,Jake Owen - Barefoot Blue Jean Night,169,song
10/11/2025 11:10,Jordan Davis - Bar None,171,song
10/11/2025 11:13,Chayce Beckham - 23,221,song
10/11/2025 11:17,181.FM - THIS STATION WILL CONTINUE AFTER THIS BREAK,65,break
10/11/2025 11:18,Listen.FM - Listen.FM,5,station_id
10/11/2025 11:18,Jason Aldean - When She Says Baby,169,song
10/11/2025 11:21,Lainey Wilson - 4x4xU,240,song
10/11/2025 11:25,Eric Church - Hands Of Time,199,song
10/11/2025 11:28,Zac Brown Band - CHicken Fried (Radio Edit),219,song
10/11/2025 11:32,Megan Moroney - 6 Months Later,179,song
10/11/2025 11:35,181.FM - THIS STATION WILL CONTINUE AFTER THIS BREAK,91,break
10/11/2025 11:36,Listen.FM - Listen.FM,10,station_id
10/11/2025 11:36,Luke Combs - Back in the Saddle,210,song
10/11/2025 11:40,Scotty McCreery - This Is It,229,song
10/11/2025 11:44,Rascal Flatts & Jonas Brothers - I Dare You,224,song
10/11/2025 11:48,Sam Hunt - House Party,195,song
10/11/2025 11:51,Thomas Rhett - After All The Bars Are Closed,188,song
10/11/2025 11:54,Morgan Wallen - You Proof,165,song
10/11/2025 11:57,Riley Green - Don't Mind If I Do (feat. Ella Langley),215,song
10/11/2025 12:00,181.FM - THIS STATION WILL CONTINUE AFTER THIS BREAK,94,break
10/11/2025 12:02,Kickin' Kountry@Listen.FM - TOH 6,21,station_id
10/11/2025 12:02,Kenny Chesney - Take Her Home,178,song
10/11/2025 12:05,Kip Moore - Beer Money,223,song
10/11/2025 12:09,Russell Dickerson - Happen To Me,172,song
10/11/2025 12:12,Jason Aldean - My Kinda Party,229,song
10/11/2025 12:16,181.FM - THIS STATION WILL CONTINUE AFTER THIS BREAK,60,break
10/11/2025 12:17,Listen.FM - Listen.FM,10,station_id
10/11/2025 12:17,Jackson Dean - Fearless [Live at the Ryman],195,song
10/11/2025 12:20,Luke Combs - Lovin' On You,199,song
10/11/2025 12:23,Zach Top - Good Times & Tan Lines,153,song
10/11/2025 12:26,Blake Shelton - Stay Country or Die Tryin',211,song
10/11/2025 12:29,George Birge - Cowboy Songs [Album Version],185,song
10/11/2025 12:33,181.FM - THIS STATION WILL CONTINUE AFTER THIS BREAK,92,break
10/11/2025 12:34,Listen.FM - Listen.FM,10,station_id
10/11/2025 12:34,Morgan Wallen - I Ain't Comin' Back (feat. Post Malone),171,song
10/11/2025 12:37,Chris Young - Young Love & Saturday Nights,198,song
10/11/2025 12:40,Chase Matthew - Darlin',166,song
10/11/2025 12:43,Justin Moore - This Is My Dirt,213,song
10/11/2025 12:47,Lainey Wilson - Somewhere Over Laredo,220,song
10/11/2025 12:50,Luke Bryan - That's My Kind Of Night,194,song
10/11/2025 12:54,Tim McGraw - Paper Umbrellas (feat. Parker McCollum),205,song
10/11/2025 12:57,Megan Moroney - Tennessee Orange,219,song
10/11/2025 13:01,181.FM - THIS STATION WILL CONTINUE AFTER THIS BREAK,96,break
10/11/2025 13:02,Kickin' Kountry@Listen.FM - TOH 7,13,station_id
10/11/2025 13:03,Riley Green - Worst Way,214,song
10/11/2025 13:06,Jason Aldean - How Far Does A Goodbye Go,232,song
10/11/2025 13:10,Sam Hunt - Kinfolks,179,song
10/11/2025 13:13,Morgan Wallen - I Got Better,203,song
10/11/2025 13:16,181.FM - THIS STATION WILL CONTINUE AFTER THIS BREAK,63,break
10/11/2025 13:17,Listen.FM - Listen.FM,11,station_id
10/11/2025 13:18,Zach Top - Sounds Like The Radio,215,song
10/11/2025 13:21,Florida-Georgia Line - Round Here,212,song
10/11/2025 13:25,Blake Shelton - Texas,157,song
10/11/2025 13:30,Kenny Chesney - Young,235,song
10/11/2025 13:34,181.FM - THIS STATION WILL CONTINUE AFTER THIS BREAK,91,break
10/11/2025 13:36,Listen.FM - Listen.FM,8,station_id
10/11/2025 13:36,Parmalee - Cowgirl,179,song
10/11/2025 13:39,Scotty McCreery - Bottle Rockets (feat. Hootie & The Blowfish),233,song
10/11/2025 13:43,Thomas Rhett - Get Some Of That,182,song
10/11/2025 13:46,HARDY - Favorite Country Song,193,song
10/11/2025 13:49,Luke Bryan - Most People Are Good,217,song
10/11/2025 13:52,Morgan Wallen - Love Somebody,207,song
10/11/2025 13:56,Dustin Lynch - Thinking 'Bout You (feat. MacKenzie Porter),167,song
10/11/2025 13:59,Miranda Lambert - A Song To Sing (feat. Chris Stapleton),173,song
10/11/2025 14:02,181.FM - THIS STATION WILL CONTINUE AFTER THIS BREAK,94,break
10/11/2025 14:03,Kickin' Kountry@Listen.FM - TOH 8,16,station_id
10/11/2025 14:03,Brett Young - In Case You Didn't Know,226,song
10/11/2025 14:07,Riley Green - Different 'Round Here (feat. Luke Combs),168,song
10/11/2025 14:10,Cole Swindell - You Should Be Here,185,song
10/11/2025 14:13,Jelly Roll - Heart Of Stone,181,song
10/11/2025 14:16,181.FM - THIS STATION WILL CONTINUE AFTER THIS BREAK,62,break
10/11/2025 14:17,Listen.FM - Listen.FM,5,station_id
10/11/2025 14:17,Brooks & Dunn - Ain't Nothin 'Bout You,197,song
10/11/2025 14:21,Lainey Wilson - Wildflowers and Wild Horses [Single Version],222,song
10/11/2025 14:24,Kip Moore - Somethin' 'Bout A Truck (Radio Edit),186,song
10/11/2025 14:27,Parker McCollum - What Kinda Man,232,song
10/11/2025 14:31,Jon Pardi - Friday Night Heartbreaker,206,song
10/11/2025 14:35,181.FM - THIS STATION WILL CONTINUE AFTER THIS BREAK,90,break
10/11/2025 14:36,Listen.FM - Listen.FM,10,station_id
10/11/2025 14:36,Zach Top - I Never Lie,214,song
10/11/2025 14:40,Justin Moore - Time’s Ticking,179,song
10/11/2025 14:43,Thomas Rhett - Mamaw's House (feat. Morgan Wallen),170,song
10/11/2025 14:46,Jordan Davis - Bar None,181,song
10/11/2025 14:49,Brantley Gilbert - Bottoms Up,214,song
10/11/2025 14:52,Hudson Westbrook - House Again (feat. Miranda Lambert),206,song
10/11/2025 14:56,Cody Johnson - 'Til You Can't,219,song
10/11/2025 14:59,181.FM - THIS STATION WILL CONTINUE AFTER THIS BREAK,88,break
10/11/2025 15:01,Listen.FM - Listen.FM,4,station_id
10/11/2025 15:01,Kickin' Kountry@Listen.FM - TOH 9,21,station_id
10/11/2025 17:55,Bailey Zimmerman - Fall In Love,179,song
10/11/2025 17:58,Carly Pearce - truck on fire,188,song
10/11/2025 18:02,181.FM - THIS STATION WILL CONTINUE AFTER THIS BREAK,88,break
10/11/2025 18:03,Listen.FM - Listen.FM,5,station_id
10/11/2025 18:03,Kickin' Kountry@Listen.FM - TOH 3,14,station_id
10/11/2025 18:03,Luke Combs - Forever After All,226,song
10/11/2025 18:10,Cole Swindell - Ain't Worth The Whiskey,186,song
10/11/2025 18:13,Dylan Scott - Can't Have Mine,184,song
10/11/2025 18:16,181.FM - THIS STATION WILL CONTINUE AFTER THIS BREAK,60,break
10/11/2025 18:17,Listen.FM - Listen.FM,10,station_id
10/11/2025 18:17,Darius Rucker - Alright,226,song
10/11/2025 18:21,Jordan Davis - Bar None,178,song
10/11/2025 18:24,Drew Baldridge - Tough People,211,song
10/11/2025 18:27,Jelly Roll - Save Me (with Lainey Wilson),235,song
10/11/2025 18:31,Blake Shelton - Boys 'Round Here,223,song
10/11/2025 18:35,181.FM - THIS STATION WILL CONTINUE AFTER THIS BREAK,89,break
10/11/2025 18:37,Listen.FM - Listen.FM,10,station_id
10/11/2025 18:37,Jon Pardi - Friday Night Heartbreaker,206,song
10/11/2025 18:40,Tim McGraw - Paper Umbrellas (feat. Parker McCollum),209,song
10/11/2025 18:44,Morgan Wallen - Just In Case,164,song
10/11/2025 18:46,Jason Aldean - How Far Does A Goodbye Go,231,song
10/11/2025 18:50,George Birge - Mind On You,170,song
10/11/2025 18:53,Luke Combs - Back in the Saddle,220,song
10/11/2025 18:57,Dan + Shay - Save Me The Trouble,198,song
10/11/2025 19:00,181.FM - THIS STATION WILL CONTINUE AFTER THIS BREAK,95,break
10/11/2025 19:02,Kickin' Kountry@Listen.FM - TOH 4,17,station_id
10/11/2025 19:02,Old Dominion - One Man Band,177,song
10/11/2025 19:05,Parmalee - Cowgirl,183,song
10/11/2025 19:08,Lady Antebellum - Downtown,194,song
10/11/2025 19:11,Corey Kent - This Heart,180,song
10/11/2025 19:14,181.FM - THIS STATION WILL CONTINUE AFTER THIS BREAK,66,break
10/11/2025 19:15,Listen.FM - Listen.FM,8,station_id
10/11/2025 19:15,HARDY - Favorite Country Song,185,song
10/11/2025 19:19,Tyler Hubbard - Dancin’ In The Country,184,song
10/11/2025 19:22,Russell Dickerson - Happen To Me,172,song
10/11/2025 19:25,Scotty McCreery - Fall Of Summer,223,song
10/11/2025 19:28,Dierks Bentley - Drunk On A Plane (Yeah Version),259,song
10/11/2025 19:33,181.FM - THIS STATION WILL CONTINUE AFTER THIS BREAK,83,break
10/11/2025 19:34,Listen.FM - Listen.FM,9,station_id
10/11/2025 19:34,Jason Aldean - Whiskey Drink,187,song
10/11/2025 19:37,Parker McCollum - What Kinda Man,238,song
10/11/2025 19:41,Tim McGraw - Live Like You Were Dying,284,song
10/11/2025 19:46,Miranda Lambert - A Song To Sing (feat. Chris Stapleton),182,song
10/11/2025 19:49,Chase Matthew - Darlin',159,song
10/11/2025 19:52,Luke Combs - Cold As You,187,song
10/11/2025 19:55,Justin Moore - Time’s Ticking,172,song
10/11/2025 19:58,Chris Stapleton - Broken Halos,178,song
10/11/2025 20:01,181.FM - THIS STATION WILL CONTINUE AFTER THIS BREAK,91,break
10/11/2025 20:02,Listen.FM - Listen.FM,5,station_id
10/11/2025 20:02,Kickin' Kountry@Listen.FM - TOH 5,8,station_id
10/11/2025 20:02,Dylan Scott - This Town's Been Too Good To Us,185,song
10/11/2025 20:05,Russell Dickerson - Love You Like I Used To,195,song
10/11/2025 20:09,Jackson Dean - Heavens To Betsy,193,song
10/11/2025 20:12,Dierks Bentley - 5-1-5-0,179,song
10/11/2025 20:15,181.FM - THIS STATION WILL CONTINUE AFTER THIS BREAK,60,break
10/11/2025 20:16,Listen.FM - Listen.FM,9,station_id
10/11/2025 20:16,Kelsea Ballerini - Cowboys Cry Too (with Noah Kahan),220,song
10/11/2025 20:20,Keith Urban - Who Wouldn't Wanna Be Me (Radio Edit),224,song
10/11/2025 20:24,Scotty McCreery - Bottle Rockets (feat. Hootie & The Blowfish),230,song
10/11/2025 20:27,Josh Ross - Single Again,173,song
10/11/2025 20:30,Zach Bryan - I Remember Everything (feat. Kacey Musgraves),224,song
10/11/2025 20:34,181.FM - THIS STATION WILL CONTINUE AFTER THIS BREAK,89,break
10/11/2025 20:36,Listen.FM - Listen.FM,9,station_id
10/11/2025 20:36,Bailey Zimmerman - Rock and a Hard Place,201,song
10/11/2025 20:39,Morgan Wallen - I Got Better,209,song
10/11/2025 20:43,Megan Moroney - You Had To Be There (feat. Kenny Chesney),214,song
10/11/2025 20:46,Koe Wetzel - High Road (feat. Jessie Murph),171,song
10/11/2025 20:49,Dylan Scott - What He'll Never Have,149,song
10/11/2025 20:51,Bryan Martin - We Ride,189,song
10/11/2025 20:55,Eric Church - Hands Of Time,196,song
10/11/2025 20:58,Luke Combs - The Kind of Love We Make,224,song
10/11/2025 21:02,181.FM - THIS STATION WILL CONTINUE AFTER THIS BREAK,87,break
10/11/2025 21:03,Listen.FM - Listen.FM,2,station_id
10/11/2025 21:03,Kickin' Kountry@Listen.FM - TOH 6,23,station_id
10/11/2025 21:04,Riley Green - Don't Mind If I Do (feat. Ella Langley),214,song
10/11/2025 21:07,Luke Bryan - One Margarita,191,song
10/11/2025 21:10,Meghan Patrick - Golden Child,214,song
10/11/2025 21:14,Jason Aldean - Lights Come On,193,song
10/11/2025 21:17,181.FM - THIS STATION WILL CONTINUE AFTER THIS BREAK,62,break
10/11/2025 21:18,Listen.FM - Listen.FM,10,station_id
10/11/2025 21:18,Morgan Wallen - I'm The Problem,174,song
10/11/2025 21:21,Max McNown - Better Me For You (Brown Eyes),199,song
10/11/2025 21:25,Sam Hunt - Take Your Time (Radio Edit),210,song
10/11/2025 21:28,Jelly Roll - Heart Of Stone,185,song
10/11/2025 21:31,Matt Stell - Breakin' in Boots,154,song
10/11/2025 21:34,181.FM - THIS STATION WILL CONTINUE AFTER THIS BREAK,94,break
10/11/2025 21:35,Listen.FM - Listen.FM,3,station_id
10/11/2025 21:35,Dustin Lynch - Small Town Boy,201,song
10/11/2025 21:39,Tucker Wetmore - Wind Up Missin' You [Clean Edit],164,song
10/11/2025 21:41,Zach Top - Good Times & Tan Lines,153,song
10/11/2025 21:44,Sara Evans - Suds In The Bucket,236,song
10/11/2025 21:48,George Birge - It Won't Be Long,183,song
10/11/2025 21:51,Jordan Davis - Bar None,180,song
10/11/2025 21:54,Scotty McCreery - It Matters To Her,159,song
10/11/2025 21:57,Keith Urban - Straight Line,214,song
10/11/2025 22:00,181.FM - THIS STATION WILL CONTINUE AFTER THIS BREAK,96,break
10/11/2025 22:02,Kickin' Kountry@Listen.FM - TOH 7,20,station_id
10/11/2025 22:02,Blake Shelton - God Gave Me You (Album Version),219,song
10/11/2025 22:06,Morgan Wallen - Lies Lies Lies,195,song
10/11/2025 22:09,Zac Brown Band f/Jimmy Buffett - Knee Deep,200,song
10/11/2025 22:12,Lainey Wilson - Somewhere Over Laredo,219,song
10/11/2025 22:16,181.FM - THIS STATION WILL CONTINUE AFTER THIS BREAK,64,break
10/11/2025 22:17,Listen.FM - Listen.FM,5,station_id
10/11/2025 22:17,Kane Brown - Heaven,170,song
10/11/2025 22:20,Jon Pardi - Your Heart Or Mine,174,song
10/11/2025 22:23,Dustin Lynch - Where It's At,202,song
10/11/2025 22:26,Luke Combs - Back in the Saddle,212,song
10/11/2025 22:30,Jason Aldean w/Kelly Clarkson - Don't You Wanna Stay (Radio Edit),219,song
10/11/2025 22:34,181.FM - THIS STATION WILL CONTINUE AFTER THIS BREAK,93,break
10/11/2025 22:35,Listen.FM - Listen.FM,10,station_id
10/11/2025 22:35,Thomas Rhett - Beautiful As You,161,song
10/11/2025 22:38,Eli Young Band - Even If It Breaks Your Heart (Radio Edit),219,song
10/11/2025 22:44,Megan Moroney - 6 Months Later,185,song
10/11/2025 22:47,Ella Langley - you look like you love me (feat. Riley Green),215,song
10/11/2025 22:51,Rascal Flatts & Jonas Brothers - I Dare You,234,song
10/11/2025 22:55,Chris Stapleton - White Horse [Radio Edit],216,song
10/11/2025 22:58,Russell Dickerson - Happen To Me,173,song
10/11/2025 23:01,181.FM - THIS STATION WILL CONTINUE AFTER THIS BREAK,95,break
10/11/2025 23:03,Kickin' Kountry@Listen.FM - TOH 8,21,station_id
10/11/2025 23:03,Kenny Chesney - American Kids (Album Version),179,song
10/11/2025 23:06,Jon Pardi - Friday Night Heartbreaker,209,song
10/11/2025 23:10,Cole Swindell - Single Saturday Night,184,song
10/11/2025 23:13,Blake Shelton - Stay Country or Die Tryin',205,song
10/11/2025 23:16,181.FM - THIS STATION WILL CONTINUE AFTER THIS BREAK,65,break
10/11/2025 23:17,Listen.FM - Listen.FM,6,station_id
10/11/2025 23:17,Luke Combs - Even Though I'm Leaving,225,song
10/11/2025 23:21,Dasha - Austin [Clean],172,song
10/11/2025 23:24,Morgan Wallen - I Ain't Comin' Back (feat. Post Malone),171,song
10/11/2025 23:27,Walker Hayes - Fancy Like,164,song
10/11/2025 23:30,Chase Matthew - Darlin',167,song
10/11/2025 23:32,181.FM - THIS STATION WILL CONTINUE AFTER THIS BREAK,92,break
10/11/2025 23:34,Listen.FM - Listen.FM,10,station_id
10/11/2025 23:34,Lainey Wilson - Hang Tight Honey,183,song
10/11/2025 23:37,Carrie Underwood - Blown Away (Album Version),236,song
10/11/2025 23:41,Dylan Marlowe & Dylan Scott - Boys Back Home,164,song
10/11/2025 23:44,Scotty McCreery - Bottle Rockets (feat. Hootie & The Blowfish),235,song
10/11/2025 23:48,Kenny Chesney - Beer In Mexico,218,song
10/11/2025 23:51,Tim McGraw - Paper Umbrellas (feat. Parker McCollum),209,song
10/11/2025 23:55,Hudson Westbrook - House Again (feat. Miranda Lambert),200,song
10/11/2025 23:58,Old Dominion - Make It Sweet,186,song
10/12/2025 0:01,181.FM - THIS STATION WILL CONTINUE AFTER THIS BREAK,91,break
10/12/2025 0:03,Listen.FM - Listen.FM,4,station_id
10/12/2025 0:03,Kickin' Kountry@Listen.FM - TOH 9,17,station_id
10/12/2025 0:03,Jason Aldean - How Far Does A Goodbye Go,220,song
10/12/2025 0:07,Dustin Lynch - Good Girl,199,song
10/12/2025 0:10,Jelly Roll - Need A Favor,189,song
10/12/2025 0:13,Luke Bryan - Country Girl (Shake It For Me),224,song
10/12/2025 0:17,181.FM - THIS STATION WILL CONTINUE AFTER THIS BREAK,65,break
10/12/2025 0:18,Listen.FM - Listen.FM,5,station_id
10/12/2025 0:18,Morgan Wallen - I Got Better,205,song
10/12/2025 0:22,LoCash - I Love This Life,216,song
10/12/2025 0:25,Russell Dickerson - God Gave Me a Girl,178,song
10/12/2025 0:28,Kenny Chesney - Summertime,204,song
10/12/2025 0:32,Parker McCollum - What Kinda Man,226,song
10/12/2025 0:36,181.FM - THIS STATION WILL CONTINUE AFTER THIS BREAK,96,break
10/12/2025 0:37,Listen.FM - Listen.FM,10,station_id
10/12/2025 0:37,Post Malone - Guy For That (feat. Luke Combs),152,song
10/12/2025 0:40,Chayce Beckham - 23,230,song
10/12/2025 0:44,Dylan Scott - My Girl,189,song
10/12/2025 0:47,Jackson Dean - Heavens To Betsy,208,song
10/12/2025 0:50,Parmalee - Cowgirl,174,song
10/12/2025 0:53,Jordan Davis - I Ain't Sayin',173,song
10/12/2025 0:56,HARDY - Favorite Country Song,187,song
10/12/2025 0:59,Kane Brown - Bury Me in Georgia [Radio Edit],169,song
10/12/2025 1:02,181.FM - THIS STATION WILL CONTINUE AFTER THIS BREAK,96,break
10/12/2025 1:04,Kickin' Kountry@Listen.FM - TOH 1,13,station_id
10/12/2025 1:04,Jelly Roll - Heart Of Stone,176,song
10/12/2025 1:07,Jason Aldean & Carrie Underwood - If I Didn't Love You,219,song
10/12/2025 1:11,Eric Church - Hands Of Time,195,song
10/12/2025 1:14,Blake Shelton - A Guy With A Girl,184,song
10/12/2025 1:17,181.FM - THIS STATION WILL CONTINUE AFTER THIS BREAK,63,break
10/12/2025 1:18,Listen.FM - Listen.FM,12,station_id
10/12/2025 1:18,Miranda Lambert - A Song To Sing (feat. Chris Stapleton),169,song
10/12/2025 1:21,Brantley Gilbert - You Don't Know Her Like I Do (Radio Edit),294,song
10/12/2025 1:26,Morgan Wallen - Thinkin’ Bout Me,165,song
10/12/2025 1:29,Justin Moore - Time’s Ticking,178,song
10/12/2025 1:32,Florida-Georgia Line - This Is How We Roll,226,song
10/12/2025 1:35,181.FM - THIS STATION WILL CONTINUE AFTER THIS BREAK,89,break
10/12/2025 1:37,Listen.FM - Listen.FM,9,station_id
10/12/2025 1:37,Jordan Davis - Bar None,169,song
10/12/2025 1:40,Cody Johnson - The Painter,212,song
10/12/2025 1:43,Lee Brice - One Of Them Girls,185,song
10/12/2025 1:46,Jelly Roll - Liar,206,song
10/12/2025 1:50,Riley Green - Don't Mind If I Do (feat. Ella Langley),210,song
10/12/2025 1:53,Rascal Flatts - Fast Cars And Freedom,266,song
10/12/2025 1:58,Megan Moroney - You Had To Be There (feat. Kenny Chesney),215,song
10/12/2025 2:01,181.FM - THIS STATION WILL CONTINUE AFTER THIS BREAK,89,break
10/12/2025 2:03,Kickin' Kountry@Listen.FM - TOH 2,19,station_id
10/12/2025 2:03,Morgan Wallen - Wasted On You,169,song
10/12/2025 2:06,Dylan Scott - What He'll Never Have,155,song
10/12/2025 2:09,Elle King & Miranda Lambert - Drunk (And I Don't Wanna Go Home),239,song
10/12/2025 2:13,Dan + Shay - Bigger Houses,195,song
10/12/2025 2:16,181.FM - THIS STATION WILL CONTINUE AFTER THIS BREAK,60,break
10/12/2025 2:17,Listen.FM - Listen.FM,8,station_id
10/12/2025 2:17,Jordan Davis - Next Thing You Know,166,song
10/12/2025 2:20,Zach Top - Good Times & Tan Lines,163,song
10/12/2025 2:23,Dierks Bentley - Gold,158,song
10/12/2025 2:25,Parmalee - Girl In Mine,160,song
10/12/2025 17:26,Kelsea Ballerini - Cowboys Cry Too (with Noah Kahan),208,song
10/12/2025 17:30,Chase Matthew - Darlin',163,song
10/12/2025 17:32,181.FM - THIS STATION WILL CONTINUE AFTER THIS BREAK,93,break
10/12/2025 17:34,Listen.FM - Listen.FM,12,station_id
10/12/2025 17:34,Parker McCollum - Burn It Down [Radio Edit],206,song
10/12/2025 17:38,Jon Pardi - Friday Night Heartbreaker,216,song
10/12/2025 17:41,Thomas Rhett - Die A Happy Man,220,song
10/12/2025 17:45,Miranda Lambert - A Song To Sing (feat. Chris Stapleton),176,song
10/12/2025 17:48,Bebe Rexha f/Florida-Georgia Line - Meant To Be,165,song
10/12/2025 17:51,Shaboozey - Good News,202,song
10/12/2025 17:54,Justin Moore - Time’s Ticking,175,song
10/12/2025 17:57,Darius Rucker - Wagon Wheel (Radio Edit),233,song
10/12/2025 18:01,181.FM - THIS STATION WILL CONTINUE AFTER THIS BREAK,96,break
10/12/2025 18:02,Kickin' Kountry@Listen.FM - TOH 9,18,station_id
10/12/2025 18:03,Morgan Wallen - I Got Better,204,song
10/12/2025 18:06,Russell Dickerson - God Gave Me a Girl,190,song
10/12/2025 18:09,Luke Combs - Lovin' On You,191,song
10/12/2025 18:12,Lainey Wilson - 4x4xU,227,song
10/12/2025 18:16,181.FM - THIS STATION WILL CONTINUE AFTER THIS BREAK,64,break
10/12/2025 18:17,Listen.FM - Listen.FM,5,station_id
10/12/2025 18:17,Parker McCollum - What Kinda Man,226,song
10/12/2025 18:21,Blake Shelton - Ol' Red,228,song
10/12/2025 18:25,Megan Moroney - You Had To Be There (feat. Kenny Chesney),212,song
10/12/2025 18:28,Scotty McCreery - Bottle Rockets (feat. Hootie & The Blowfish),233,song
10/12/2025 18:32,Bryan Martin - We Ride,186,song
10/12/2025 18:35,181.FM - THIS STATION WILL CONTINUE AFTER THIS BREAK,89,break
10/12/2025 18:37,Listen.FM - Listen.FM,8,station_id
10/12/2025 18:37,Dylan Scott - What He'll Never Have,143,song
10/12/2025 18:40,Justin Moore - With A Woman You Love,171,song
10/12/2025 18:42,Riley Green - Worst Way,216,song
10/12/2025 18:46,Luke Bryan - That's My Kind Of Night,190,song
10/12/2025 18:49,Hudson Westbrook - House Again (feat. Miranda Lambert),199,song
10/12/2025 18:52,Luke Combs - Hurricane,224,song
10/12/2025 18:56,Matt Stell - Breakin' in Boots,150,song
10/12/2025 18:59,Rascal Flatts - Life Is A Highway,273,song
10/12/2025 19:03,181.FM - THIS STATION WILL CONTINUE AFTER THIS BREAK,94,break
10/12/2025 19:05,Kickin' Kountry@Listen.FM - TOH 1,13,station_id
10/12/2025 19:05,Jelly Roll - Heart Of Stone,177,song
10/12/2025 19:08,Morgan Wallen - Love Somebody,209,song
10/12/2025 19:12,Thomas Rhett - Beautiful As You,159,song
10/12/2025 19:14,Jason Aldean - When She Says Baby,170,song
10/12/2025 19:17,181.FM - THIS STATION WILL CONTINUE AFTER THIS BREAK,59,break
10/12/2025 19:18,Listen.FM - Listen.FM,10,station_id
10/12/2025 19:18,Jackson Dean - Heavens To Betsy,196,song
10/12/2025 19:21,Meghan Patrick - Golden Child,223,song
10/12/2025 19:25,Blake Shelton - Texas,161,song
10/12/2025 19:28,Max McNown - Better Me For You (Brown Eyes),194,song
10/12/2025 19:31,Lainey Wilson - Hang Tight Honey,188,song
10/12/2025 19:34,181.FM - THIS STATION WILL CONTINUE AFTER THIS BREAK,95,break
10/12/2025 19:36,Listen.FM - Listen.FM,10,station_id
10/12/2025 19:36,Jordan Davis - Bar None,169,song
10/12/2025 19:39,Sam Hunt - Kinfolks,185,song
10/12/2025 19:42,Eric Church - Hands Of Time,199,song
10/12/2025 19:45,Florida-Georgia Line - Round Here,204,song
10/12/2025 19:49,George Birge - It Won't Be Long,189,song
10/12/2025 19:52,Russell Dickerson - Blue Tacoma,216,song
10/12/2025 19:55,Jelly Roll - I Am Not Okay,188,song
10/12/2025 19:59,Keith Urban - Straight Line,212,song
10/12/2025 20:02,181.FM - THIS STATION WILL CONTINUE AFTER THIS BREAK,93,break
10/12/2025 20:04,Kickin' Kountry@Listen.FM - TOH 2,15,station_id
10/12/2025 20:04,Dustin Lynch - Thinking 'Bout You (feat. MacKenzie Porter),168,song
10/12/2025 20:07,Luke Combs - Back in the Saddle,219,song
10/12/2025 20:10,Thomas Rhett - Mamaw's House (feat. Morgan Wallen),175,song
10/12/2025 20:13,Jordan Davis - What My World Spins Around,183,song
10/12/2025 20:16,181.FM - THIS STATION WILL CONTINUE AFTER THIS BREAK,61,break
10/12/2025 20:17,Listen.FM - Listen.FM,8,station_id
10/12/2025 20:18,Bailey Zimmerman - Holy Smokes,190,song
10/12/2025 20:21,Riley Green - Don't Mind If I Do (feat. Ella Langley),226,song
10/12/2025 20:25,Kenny Chesney - I Go Back,236,song
10/12/2025 20:28,Megan Moroney - 6 Months Later,179,song
10/12/2025 20:31,Russell Dickerson - Happen To Me,174,song
10/12/2025 20:34,181.FM - THIS STATION WILL CONTINUE AFTER THIS BREAK,94,break
10/12/2025 20:36,Listen.FM - Listen.FM,11,station_id
10/12/2025 20:36,Chris Stapleton - Tennessee Whiskey,217,song
10/12/2025 20:40,Rascal Flatts & Jonas Brothers - I Dare You,240,song
10/12/2025 20:44,Lee Brice - Rumor,190,song
10/12/2025 20:47,George Birge - Cowboy Songs [Album Version],187,song
10/12/2025 20:50,Luke Bryan - Country Girl (Shake It For Me),225,song
10/12/2025 20:54,Morgan Wallen - I Ain't Comin' Back (feat. Post Malone),172,song
10/12/2025 20:57,Luke Combs - Better Together,218,song
10/12/2025 21:00,181.FM - THIS STATION WILL CONTINUE AFTER THIS BREAK,87,break
10/12/2025 21:02,Kickin' Kountry@Listen.FM - TOH 3,15,station_id
10/12/2025 21:02,Scotty McCreery - In Between,218,song
10/12/2025 21:06,Chase Matthew - Darlin',169,song
10/12/2025 21:09,Megan Moroney - Am I Okay?,230,song
10/12/2025 21:12,Kane Brown - Bury Me in Georgia [Radio Edit],171,song
10/12/2025 21:15,181.FM - THIS STATION WILL CONTINUE AFTER THIS BREAK,67,break
10/12/2025 21:16,Jon Pardi - Dirt On My Boots,202,song
10/12/2025 21:20,Lainey Wilson - Somewhere Over Laredo,228,song
10/12/2025 21:24,Blake Shelton - Stay Country or Die Tryin',204,song
10/12/2025 21:27,Old Dominion - Coming Home,170,song
10/12/2025 21:30,Zach Top - Good Times & Tan Lines,159,song
10/12/2025 21:32,181.FM - THIS STATION WILL CONTINUE AFTER THIS BREAK,89,break
10/12/2025 21:34,Listen.FM - Listen.FM,11,station_id
10/12/2025 21:34,Cody Johnson - The Painter,203,song
10/12/2025 21:38,Morgan Wallen - I Got Better,212,song
10/12/2025 21:41,Kip Moore - Somethin' 'Bout A Truck (Radio Edit),184,song
10/12/2025 21:47,Brantley Gilbert - Bottoms Up,212,song
10/12/2025 21:50,Tim McGraw - Paper Umbrellas (feat. Parker McCollum),211,song
10/12/2025 21:54,Thomas Rhett - T-Shirt,202,song
10/12/2025 21:57,Jelly Roll - Need A Favor,190,song
10/12/2025 22:00,181.FM - THIS STATION WILL CONTINUE AFTER THIS BREAK,93,break
10/12/2025 22:02,Kickin' Kountry@Listen.FM - TOH 4,19,station_id
10/12/2025 22:02,Jason Aldean - How Far Does A Goodbye Go,222,song
10/12/2025 22:06,Nate Smith - Whiskey On You,183,song
10/12/2025 22:09,Scotty McCreery - Bottle Rockets (feat. Hootie & The Blowfish),232,song
10/12/2025 22:13,Chris Janson - All I Need Is You,152,song
10/12/2025 22:16,181.FM - THIS STATION WILL CONTINUE AFTER THIS BREAK,66,break
10/12/2025 22:17,Listen.FM - Listen.FM,8,station_id
10/12/2025 22:17,Cody Johnson - 'Til You Can't,212,song
10/12/2025 22:20,Morgan Wallen - Just In Case,177,song
10/12/2025 22:23,Jon Pardi - Friday Night Heartbreaker,203,song
10/12/2025 22:27,Keith Urban - Long Hot Summer,233,song
10/12/2025 22:31,Parmalee - Cowgirl,179,song
10/12/2025 22:34,181.FM - THIS STATION WILL CONTINUE AFTER THIS BREAK,92,break
10/12/2025 22:35,Listen.FM - Listen.FM,8,station_id
10/12/2025 22:35,Jelly Roll - Heart Of Stone,180,song
10/12/2025 22:38,Sam Hunt - 23,183,song
10/12/2025 22:41,HARDY - Favorite Country Song,180,song
10/12/2025 22:44,Blake Shelton - God's Country,210,song
10/12/2025 22:48,Riley Green - Damn Good Day To Leave,203,song
10/12/2025 22:51,Luke Combs - Forever After All,235,song
10/12/2025 22:55,Parker McCollum - What Kinda Man,224,song
10/12/2025 22:59,Morgan Wallen - Whiskey Glasses,225,song
10/12/2025 23:03,181.FM - THIS STATION WILL CONTINUE AFTER THIS BREAK,96,break
10/12/2025 23:04,Kickin' Kountry@Listen.FM - TOH 5,14,station_id
10/12/2025 23:04,Dan + Shay - Save Me The Trouble,199,song
10/12/2025 23:08,Jason Aldean - Big Green Tractor,205,song
10/12/2025 23:11,Jordan Davis - Bar None,170,song
10/12/2025 23:14,Toby Keith - God Love Her (Album Version),204,song
10/12/2025 23:17,181.FM - THIS STATION WILL CONTINUE AFTER THIS BREAK,65,break
10/12/2025 23:19,Listen.FM - Listen.FM,5,station_id
10/12/2025 23:19,Scotty McCreery - Fall Of Summer,218,song
10/12/2025 23:22,Luke Bryan - Play It Again,235,song
10/12/2025 23:26,Hudson Westbrook - House Again (feat. Miranda Lambert),200,song
10/12/2025 23:30,Dylan Scott - What He'll Never Have,149,song
10/12/2025 23:32,Zach Top - I Never Lie,220,song
10/12/2025 23:36,181.FM - THIS STATION WILL CONTINUE AFTER THIS BREAK,88,break
10/12/2025 23:37,Listen.FM - Listen.FM,11,station_id
10/12/2025 23:37,Justin Moore - Time’s Ticking,173,song
10/12/2025 23:40,Morgan Wallen - Man Made A Bar,192,song
10/12/2025 23:43,Luke Combs - Back in the Saddle,207,song
10/12/2025 23:47,Thomas Rhett - Unforgettable,164,song
10/12/2025 23:50,Jackson Dean - Heavens To Betsy,196,song
10/12/2025 23:53,Old Dominion - One Man Band,178,song
10/12/2025 23:56,Megan Moroney - You Had To Be There (feat. Kenny Chesney),214,song
10/13/2025 0:00,181.FM - THIS STATION WILL CONTINUE AFTER THIS BREAK,99,break
10/13/2025 0:01,Kickin' Kountry@Listen.FM - TOH 6,15,station_id
10/13/2025 0:02,Cody Johnson - I'm Gonna Love You (with Carrie Underwood),182,song
10/13/2025 0:05,Miranda Lambert - A Song To Sing (feat. Chris Stapleton),178,song
10/13/2025 0:08,Blake Shelton - Boys 'Round Here,219,song
10/13/2025 0:11,Russell Dickerson - Happen To Me,179,song
10/13/2025 0:14,181.FM - THIS STATION WILL CONTINUE AFTER THIS BREAK,59,break
10/13/2025 0:15,Listen.FM - Listen.FM,11,station_id
10/13/2025 0:15,Zach Bryan - I Remember Everything (feat. Kacey Musgraves),214,song
10/13/2025 0:19,Tyler Hubbard - Dancin’ In The Country,185,song
10/13/2025 0:22,Carly Pearce - truck on fire,201,song
10/13/2025 0:25,Eric Church - Hands Of Time,184,song
10/13/2025 0:28,Brooks & Dunn - Red Dirt Road (Single Edit),239,song
10/13/2025 0:32,181.FM - THIS STATION WILL CONTINUE AFTER THIS BREAK,90,break
10/13/2025 0:34,Listen.FM - Listen.FM,9,station_id
10/13/2025 0:34,Meghan Patrick - Golden Child,215,song
10/13/2025 0:38,Chase Matthew - Darlin',175,song
10/13/2025 0:41,Luke Combs - Beautiful Crazy,183,song
10/13/2025 0:44,Max McNown - Better Me For You (Brown Eyes),191,song
10/13/2025 0:47,Luke Bryan - Drink A Beer,198,song
10/13/2025 0:50,Jason Aldean - Whiskey Drink,190,song
10/13/2025 0:53,Randy Houser - How Country Feels,181,song
10/13/2025 0:56,Riley Green - Don't Mind If I Do (feat. Ella Langley),212,song
10/13/2025 1:00,181.FM - THIS STATION WILL CONTINUE AFTER THIS BREAK,91,break
10/13/2025 1:01,Listen.FM - Listen.FM,5,station_id
10/13/2025 1:02,Kickin' Kountry@Listen.FM - TOH 7,13,station_id
10/13/2025 1:02,Old Dominion - Snapback,207,song
10/13/2025 1:05,Jackson Dean - Fearless [Live at the Ryman],198,song
10/13/2025 1:09,Sugarland - Something More,214,song
10/13/2025 1:12,Morgan Wallen - I Got Better,204,song
10/13/2025 1:16,181.FM - THIS STATION WILL CONTINUE AFTER THIS BREAK,65,break
10/13/2025 1:17,Listen.FM - Listen.FM,10,station_id
10/13/2025 1:17,Drew Baldridge - Tough People,211,song
10/13/2025 1:20,Jordan Davis - Tucson Too Late,175,song
10/13/2025 1:23,Kane Brown f/Lauren Alaina - What Ifs,177,song
10/13/2025 1:26,Zach Top - Good Times & Tan Lines,164,song
10/13/2025 1:29,George Birge - It Won't Be Long,192,song
10/13/2025 1:32,181.FM - THIS STATION WILL CONTINUE AFTER THIS BREAK,93,break
10/13/2025 1:34,Listen.FM - Listen.FM,5,station_id
10/13/2025 1:34,Corey Kent - This Heart,179,song
10/13/2025 1:37,Keith Urban - Straight Line,225,song
10/13/2025 1:41,Ashley Cooke - your place,175,song
10/13/2025 1:43,Scotty McCreery - Bottle Rockets (feat. Hootie & The Blowfish),233,song
10/13/2025 1:47,Jason Aldean - Girl Like You,191,song
10/13/2025 1:51,Lainey Wilson - Somewhere Over Laredo,224,song
10/13/2025 1:54,Dierks Bentley - Drunk On A Plane (Yeah Version),251,song
10/13/2025 1:58,Megan Moroney - 6 Months Later,177,song
10/13/2025 2:01,181.FM - THIS STATION WILL CONTINUE AFTER THIS BREAK,94,break
10/13/2025 2:03,Kickin' Kountry@Listen.FM - TOH 8,15,station_id
10/13/2025 2:03,Kane Brown - Lose It,173,song
10/13/2025 2:06,Morgan Wallen - I'm The Problem,186,song
10/13/2025 2:09,Rascal Flatts & Jonas Brothers - I Dare You,223,song
10/13/2025 2:13,Russell Dickerson - Love You Like I Used To,186,song
10/13/2025 2:16,181.FM - THIS STATION WILL CONTINUE AFTER THIS BREAK,62,break
10/13/2025 2:17,Listen.FM - Listen.FM,7,station_id
10/13/2025 2:17,Jelly Roll - Heart Of Stone,177,song
10/13/2025 2:20,Chase Matthew - Love You Again,177,song
10/13/2025 2:23,Bailey Zimmerman - Rock and a Hard Place,198,song
10/13/2025 2:27,Dylan Scott - This Town's Been Too Good To Us,190,song
10/13/2025 2:32,181.FM - THIS STATION WILL CONTINUE AFTER THIS BREAK,89,break
10/13/2025 2:34,Listen.FM - Listen.FM,15,station_id
10/13/2025 2:34,Carrie Underwood - Undo It,172,song
10/13/2025 2:37,Blake Shelton - Stay Country or Die Tryin',209,song
10/13/2025 2:40,Jordan Davis - Bar None,175,song
10/13/2025 2:43,Scotty McCreery - Cab In A Solo,226,song
10/13/2025 2:47,Morgan Wallen - I Ain't Comin' Back (feat. Post Malone),169,song
10/13/2025 2:50,Jason Aldean - Take A Little Ride,188,song
10/13/2025 2:53,Josh Ross - Single Again,171,song
10/13/2025 2:56,Luke Bryan - One Margarita,194,song
10/13/2025 2:59,Eli Young Band - Drunk Last Night,215,song
10/13/2025 3:03,181.FM - THIS STATION WILL CONTINUE AFTER THIS BREAK,94,break
10/13/2025 3:04,Kickin' Kountry@Listen.FM - TOH 9,19,station_id
10/13/2025 3:05,Jon Pardi - Friday Night Heartbreaker,205,song
10/13/2025 3:08,Lady Antebellum - Bartender,201,song
10/13/2025 3:11,Kane Brown - I Can Feel It,158,song
10/13/2025 3:14,Montgomery Gentry - Hell Yeah,244,song
10/13/2025 3:18,181.FM - THIS STATION WILL CONTINUE AFTER THIS BREAK,62,break
10/13/2025 3:19,Listen.FM - Listen.FM,7,station_id
10/13/2025 3:19,Luke Combs - Back in the Saddle,209,song
10/13/2025 3:23,Koe Wetzel - High Road (feat. Jessie Murph),176,song
10/13/2025 3:26,Cody Johnson - Dirt Cheap,229,song
10/13/2025 3:30,Sam Hunt - Take Your Time (Radio Edit),220,song
10/13/2025 3:33,Parker McCollum - What Kinda Man,230,song
10/13/2025 3:37,181.FM - THIS STATION WILL CONTINUE AFTER THIS BREAK,94,break
10/13/2025 3:39,Listen.FM - Listen.FM,9,station_id
10/13/2025 3:39,HARDY - Favorite Country Song,188,song
10/13/2025 3:42,Morgan Wallen - Lies Lies Lies,197,song
10/13/2025 3:45,Jason Aldean - How Far Does A Goodbye Go,219,song
10/13/2025 3:49,Jelly Roll - Halfway To Hell,164,song
10/13/2025 3:52,Russell Dickerson - Happen To Me,175,song
10/13/2025 3:55,George Birge - Mind On You,179,song
10/13/2025 3:58,Hudson Westbrook - House Again (feat. Miranda Lambert),200,song
10/13/2025 4:01,181.FM - THIS STATION WILL CONTINUE AFTER THIS BREAK,94,break
10/13/2025 4:03,Kickin' Kountry@Listen.FM - TOH 1,14,station_id
10/13/2025 4:03,Parmalee - Cowgirl,176,song
10/13/2025 4:06,Jon Pardi - Heartache Medication,214,song
10/13/2025 4:09,Tucker Wetmore - Wind Up Missin' You [Clean Edit],156,song
10/13/2025 4:12,Tim McGraw - Paper Umbrellas (feat. Parker McCollum),203,song
10/13/2025 4:15,181.FM - THIS STATION WILL CONTINUE AFTER THIS BREAK,65,break
10/13/2025 4:16,Listen.FM - Listen.FM,4,station_id
10/13/2025 4:16,Dustin Lynch - Small Town Boy,205,song
10/13/2025 4:20,Chase Matthew - Darlin',170,song
10/13/2025 4:23,Jason Aldean - Try That In A Small Town [Radio Edit],169,song
10/13/2025 4:26,Zac Brown Band f/Jimmy Buffett - Knee Deep,205,song
10/13/2025 4:29,Ella Langley - you look like you love me (feat. Riley Green),219,song
10/13/2025 4:33,181.FM - THIS STATION WILL CONTINUE AFTER THIS BREAK,92,break
10/13/2025 4:34,Listen.FM - Listen.FM,9,station_id
10/13/2025 4:34,Jackson Dean - Heavens To Betsy,192,song
10/13/2025 4:38,Luke Bryan - Someone Else Calling You Baby (Album Version),239,song
10/13/2025 4:42,Miranda Lambert - A Song To Sing (feat. Chris Stapleton),170,song
10/13/2025 4:44,Morgan Wallen - I Got Better,212,song
10/13/2025 4:48,Parmalee - Girl In Mine,150,song
10/13/2025 4:50,Justin Moore - Time’s Ticking,178,song
10/13/2025 4:53,Jordan Davis - Take It From Me,164,song
10/13/2025 4:56,Dasha - Austin [Clean],175,song
10/13/2025 4:59,Kenny Chesney - Don't Happen Twice,194,song
10/13/2025 5:02,181.FM - THIS STATION WILL CONTINUE AFTER THIS BREAK,96,break
10/13/2025 5:04,Kickin' Kountry@Listen.FM - TOH 2,14,station_id
10/13/2025 5:04,Eli Young Band - Even If It Breaks Your Heart (Radio Edit),213,song
10/13/2025 5:08,Eric Church - Hands Of Time,206,song
10/13/2025 5:11,Parker McCollum - Handle On You,210,song
10/13/2025 5:15,Jason Aldean - Let Your Boys Be Country,190,song
10/13/2025 5:18,181.FM - THIS STATION WILL CONTINUE AFTER THIS BREAK,63,break
10/13/2025 5:19,Listen.FM - Listen.FM,11,station_id
10/13/2025 5:19,Carrie Underwood - Last Name,237,song
10/13/2025 5:23,Scotty McCreery - Bottle Rockets (feat. Hootie & The Blowfish),234,song
10/13/2025 5:27,Post Malone - Guy For That (feat. Luke Combs),160,song
10/13/2025 5:30,Chayce Beckham - 23,230,song
10/13/2025 5:33,Cole Swindell - Single Saturday Night,185,song
10/13/2025 5:37,181.FM - THIS STATION WILL CONTINUE AFTER THIS BREAK,95,break
10/13/2025 5:38,Listen.FM - Listen.FM,11,station_id
10/13/2025 5:38,Riley Green - Don't Mind If I Do (feat. Ella Langley),207,song
10/13/2025 5:42,Megan Moroney - You Had To Be There (feat. Kenny Chesney),220,song
10/13/2025 5:45,Jordan Davis - I Ain't Sayin',169,song
10/13/2025 5:48,Dylan Scott - What He'll Never Have,155,song
10/13/2025 5:51,Chris Young - Young Love & Saturday Nights,189,song
10/13/2025 5:54,Jelly Roll - Heart Of Stone,186,song
10/13/2025 5:57,Lainey Wilson - Wildflowers and Wild Horses [Single Version],213,song
10/13/2025 6:01,181.FM - THIS STATION WILL CONTINUE AFTER THIS BREAK,88,break
10/13/2025 6:02,Listen.FM - Listen.FM,5,station_id
10/13/2025 6:02,Kickin' Kountry@Listen.FM - TOH 3,16,station_id
10/13/2025 6:03,Carrie Underwood - Blown Away (Album Version),225,song
10/13/2025 6:06,Meghan Patrick - Golden Child,219,song
10/13/2025 6:10,Dierks Bentley - Living,208,song
10/13/2025 6:13,Morgan Wallen - Thinkin’ Bout Me,174,song
10/13/2025 6:16,181.FM - THIS STATION WILL CONTINUE AFTER THIS BREAK,63,break
10/13/2025 6:17,Listen.FM - Listen.FM,4,station_id
10/16/2025 21:55,Billy Currington - Must Be Doin' Somethin' Right,228,song
10/16/2025 21:59,Jelly Roll - Halfway To Hell,164,song
10/16/2025 22:02,181.FM - THIS STATION WILL CONTINUE AFTER THIS BREAK,92,break
10/16/2025 22:03,Kickin' Kountry@Listen.FM - TOH 1,17,station_id
10/16/2025 22:04,Luke Combs - The Kind of Love We Make,213,song
10/16/2025 22:07,Lainey Wilson - Somewhere Over Laredo,229,song
10/16/2025 22:11,George Birge - It Won't Be Long,185,song
10/16/2025 22:14,Jason Aldean - Whiskey Drink,184,song
10/16/2025 22:17,181.FM - THIS STATION WILL CONTINUE AFTER THIS BREAK,64,break
10/16/2025 22:18,Listen.FM - Listen.FM,10,station_id
10/16/2025 22:18,Keith Urban - Straight Line,206,song
10/16/2025 22:22,Cody Johnson - Dirt Cheap,243,song
10/16/2025 22:26,Chase Matthew - Darlin',159,song
10/16/2025 22:29,Sam Hunt - Take Your Time (Radio Edit),218,song
10/16/2025 22:32,Parmalee - Cowgirl,182,song
10/16/2025 22:35,181.FM - THIS STATION WILL CONTINUE AFTER THIS BREAK,90,break
10/16/2025 22:37,Listen.FM - Listen.FM,7,station_id
10/16/2025 22:37,Dustin Lynch - Small Town Boy,205,song
10/16/2025 22:43,Luke Combs - Hurricane,215,song
10/16/2025 22:47,Drew Baldridge - Tough People,212,song
10/16/2025 22:51,Chris Janson - Me & A Beer,175,song
10/16/2025 22:53,Zac Brown Band f/Jimmy Buffett - Knee Deep,204,song
10/16/2025 22:57,Morgan Wallen - I Got Better,205,song
10/16/2025 23:00,181.FM - THIS STATION WILL CONTINUE AFTER THIS BREAK,95,break
10/16/2025 23:02,Kickin' Kountry@Listen.FM - TOH 2,18,station_id
10/16/2025 23:02,Eli Young Band - Even If It Breaks Your Heart (Radio Edit),209,song
10/16/2025 23:06,Corey Kent - This Heart,190,song
10/16/2025 23:11,Jason Aldean - My Kinda Party,228,song
10/16/2025 23:15,181.FM - THIS STATION WILL CONTINUE AFTER THIS BREAK,64,break
10/16/2025 23:16,Listen.FM - Listen.FM,6,station_id
10/16/2025 23:16,Megan Moroney - 6 Months Later,178,song
10/16/2025 23:19,Scotty McCreery - Bottle Rockets (feat. Hootie & The Blowfish),242,song
10/16/2025 23:23,Chris Stapleton - You Should Probably Leave,203,song
10/16/2025 23:27,Parker McCollum - What Kinda Man,234,song
10/16/2025 23:31,Justin Moore - With A Woman You Love,160,song
10/16/2025 23:33,181.FM - THIS STATION WILL CONTINUE AFTER THIS BREAK,96,break
10/16/2025 23:35,Listen.FM - Listen.FM,8,station_id
10/16/2025 23:35,Morgan Wallen - I'm The Problem,170,song
10/16/2025 23:38,Kenny Chesney - American Kids (Album Version),190,song
10/16/2025 23:41,Rascal Flatts & Jonas Brothers - I Dare You,222,song
10/16/2025 23:45,Chris Stapleton - Tennessee Whiskey,237,song
10/30/2025 8:02,181.FM - THIS STATION WILL CONTINUE AFTER THIS BREAK,92,break
10/30/2025 8:03,Kickin' Kountry@Listen.FM - TOH 9,20,station_id
10/30/2025 8:04,Rascal Flatts - Life Is A Highway,213,song
10/30/2025 12:09,Carrie Underwood - Undo It,171,song
10/30/2025 12:12,Luke Combs - Back in the Saddle,213,song
10/30/2025 12:16,181.FM - THIS STATION WILL CONTINUE AFTER THIS BREAK,65,break
10/30/2025 12:17,Listen.FM - Listen.FM,9,station_id
10/30/2025 12:17,Luke Bryan - Someone Else Calling You Baby (Album Version),222,song
10/30/2025 12:21,Justin Moore - This Is My Dirt,219,song
10/30/2025 12:24,Jordan Davis - What My World Spins Around,184,song
10/30/2025 12:28,Zach Top - Good Times & Tan Lines,163,song
10/30/2025 12:30,Morgan Wallen - I Ain't Comin' Back (feat. Post Malone),169,song
10/30/2025 12:33,181.FM - THIS STATION WILL CONTINUE AFTER THIS BREAK,93,break
10/30/2025 12:35,Listen.FM - Listen.FM,12,station_id
10/30/2025 12:35,HARDY - Truck Bed,156,song
10/30/2025 12:38,Cody Johnson - The Fall,199,song
10/30/2025 12:41,Scotty McCreery - Fall Of Summer,218,song
10/30/2025 12:44,Chase Matthew - Darlin',170,song
10/30/2025 12:47,Kip Moore - Somethin' 'Bout A Truck (Radio Edit),187,song
10/30/2025 12:50,Lainey Wilson - Somewhere Over Laredo,228,song
10/30/2025 12:54,Brantley Gilbert - Bottoms Up,208,song
10/30/2025 12:58,Eric Church - Hands Of Time,201,song
10/30/2025 13:01,181.FM - THIS STATION WILL CONTINUE AFTER THIS BREAK,93,break
10/30/2025 13:03,Kickin' Kountry@Listen.FM - TOH 5,18,station_id
10/30/2025 13:03,Megan Moroney - Tennessee Orange,217,song
10/30/2025 13:07,Sam Hunt - Country House,209,song
10/30/2025 13:10,Morgan Wallen - I Got Better,205,song
10/30/2025 13:14,Nate Smith - Whiskey On You,179,song
10/30/2025 13:16,181.FM - THIS STATION WILL CONTINUE AFTER THIS BREAK,64,break
10/30/2025 13:18,Listen.FM - Listen.FM,3,station_id
10/30/2025 13:18,Dylan Scott - What He'll Never Have,148,song
10/30/2025 13:20,Kelsea Ballerini - Cowboys Cry Too (with Noah Kahan),228,song
10/30/2025 13:24,Cody Johnson - 'Til You Can't,218,song
10/30/2025 13:28,Warren Zeiders - Pretty Little Poison,215,song
10/30/2025 13:31,Parmalee - Cowgirl,178,song
10/30/2025 13:34,181.FM - THIS STATION WILL CONTINUE AFTER THIS BREAK,96,break
10/30/2025 13:36,Listen.FM - Listen.FM,8,station_id
10/30/2025 13:36,Brooks & Dunn - Red Dirt Road (Single Edit),238,song
10/30/2025 13:40,Meghan Patrick - Golden Child,223,song
10/30/2025 13:44,Scotty McCreery - Bottle Rockets (feat. Hootie & The Blowfish),224,song
10/30/2025 13:47,Sam Hunt - House Party,193,song
10/30/2025 13:51,Max McNown - Better Me For You (Brown Eyes),187,song
10/30/2025 13:54,Thomas Rhett - Get Some Of That,194,song
10/30/2025 13:57,Tyler Hubbard - Back Then Right Now,201,song
10/30/2025 14:00,181.FM - THIS STATION WILL CONTINUE AFTER THIS BREAK,94,break
10/30/2025 14:02,Kickin' Kountry@Listen.FM - TOH 6,21,station_id
10/30/2025 14:05,Jon Pardi - Heartache On The Dance Floor,210,song
10/30/2025 14:08,Zach Top - Sounds Like The Radio,210,song
10/30/2025 14:12,LANco - Greatest Love Story,219,song
10/30/2025 14:15,181.FM - THIS STATION WILL CONTINUE AFTER THIS BREAK,65,break
10/30/2025 14:17,Listen.FM - Listen.FM,3,station_id
10/30/2025 14:17,Jackson Dean - Heavens To Betsy,202,song
10/30/2025 14:20,Montgomery Gentry - Hell Yeah,246,song
10/30/2025 14:24,Morgan Wallen - Everything I Love,177,song
10/30/2025 14:27,Luke Bryan - Play It Again,230,song
10/30/2025 14:31,Parker McCollum - What Kinda Man,231,song
10/30/2025 14:35,181.FM - THIS STATION WILL CONTINUE AFTER THIS BREAK,91,break
10/30/2025 14:36,Listen.FM - Listen.FM,7,station_id
10/30/2025 14:36,George Birge - It Won't Be Long,190,song
10/30/2025 14:39,Sam Hunt - Outskirts,184,song
10/30/2025 14:43,Keith Urban - Straight Line,212,song
10/30/2025 14:46,Lainey Wilson - Wildflowers and Wild Horses [Single Version],216,song
10/30/2025 14:50,Jelly Roll - Heart Of Stone,174,song
10/30/2025 14:53,Bryan Martin - We Ride,191,song
10/30/2025 14:56,Hudson Westbrook - House Again (feat. Miranda Lambert),199,song
10/30/2025 14:59,Jason Aldean - Girl Like You,194,song
10/30/2025 15:02,181.FM - THIS STATION WILL CONTINUE AFTER THIS BREAK,90,break
10/30/2025 15:04,Listen.FM - Listen.FM,4,station_id
10/30/2025 15:04,Kickin' Kountry@Listen.FM - TOH 7,14,station_id
10/30/2025 15:04,Chris Janson - Me & A Beer,179,song
10/30/2025 15:07,Morgan Wallen - Wasted On You,177,song
10/30/2025 15:10,Chris Stapleton - Think I'm In Love With You,214,song
10/30/2025 15:14,Rascal Flatts & Jonas Brothers - I Dare You,228,song
10/30/2025 15:18,181.FM - THIS STATION WILL CONTINUE AFTER THIS BREAK,62,break
10/30/2025 15:19,Listen.FM - Listen.FM,12,station_id
10/30/2025 15:19,Thomas Rhett - Unforgettable,146,song
10/30/2025 15:21,Jordan Davis - Bar None,185,song
10/30/2025 15:24,Zach Bryan - I Remember Everything (feat. Kacey Musgraves),219,song
10/30/2025 15:28,Old Dominion - One Man Band,185,song
10/30/2025 15:31,Bailey Zimmerman - Where It Ends,176,song
10/30/2025 15:34,181.FM - THIS STATION WILL CONTINUE AFTER THIS BREAK,93,break
10/30/2025 15:36,Listen.FM - Listen.FM,10,station_id
10/30/2025 15:36,HARDY - Favorite Country Song,185,song
10/30/2025 15:39,Trace Adkins - You're Gonna Miss This,224,song
10/30/2025 15:43,Blake Shelton - Stay Country or Die Tryin',205,song
10/30/2025 15:46,Luke Combs - Back in the Saddle,214,song
10/30/2025 15:50,Scotty McCreery - This Is It,224,song
10/30/2025 15:53,Jason Aldean - How Far Does A Goodbye Go,230,song
10/30/2025 15:57,Luke Bryan - Most People Are Good,220,song
10/30/2025 16:01,181.FM - THIS STATION WILL CONTINUE AFTER THIS BREAK,95,break
10/30/2025 16:02,Kickin' Kountry@Listen.FM - TOH 8,13,station_id
10/30/2025 16:03,Randy Houser - How Country Feels,181,song
10/30/2025 16:06,Megan Moroney - 6 Months Later,184,song
10/30/2025 16:09,Brett Young - In Case You Didn't Know,219,song
10/30/2025 16:12,Matt Stell - Breakin' in Boots,156,song
10/30/2025 16:15,181.FM - THIS STATION WILL CONTINUE AFTER THIS BREAK,64,break
